index, frame, sample, time, raw[0], cal[0]
0,10,0,0.00999184,2059,0.00627944
1,10,1,0.0199837,2060,0.00680272
2,11,0,0.0299755,2059,0.00627944
3,11,1,0.0399674,2060,0.00680272
4,13,0,0.0499592,2058,0.00575615
5,14,0,0.0599511,2064,0.00889587
6,15,0,0.0699429,2062,0.00784929
7,16,0,0.0799347,2063,0.00837258
8,17,0,0.0899266,2063,0.00837258
9,18,0,0.0999184,2060,0.00680272
10,19,0,0.10991,2061,0.00732601
11,20,0,0.119902,2061,0.00732601
12,21,0,0.129894,2063,0.00837258
13,22,0,0.139886,2062,0.00784929
14,23,0,0.149878,2061,0.00732601
15,24,0,0.159869,2061,0.00732601
16,25,0,0.169861,2061,0.00732601
17,26,0,0.179853,2060,0.00680272
18,27,0,0.189845,2063,0.00837258
19,28,0,0.199837,2060,0.00680272
20,29,0,0.209829,2063,0.00837258
21,30,0,0.219821,2061,0.00732601
22,31,0,0.229812,2062,0.00784929
23,32,0,0.239804,2060,0.00680272
24,33,0,0.249796,2060,0.00680272
25,34,0,0.259788,2063,0.00837258
26,35,0,0.26978,2060,0.00680272
27,36,0,0.279772,2060,0.00680272
28,37,0,0.289763,2061,0.00732601
29,38,0,0.299755,2063,0.00837258
30,39,0,0.309747,2061,0.00732601
31,40,0,0.319739,2060,0.00680272
32,41,0,0.329731,2061,0.00732601
33,42,0,0.339723,2061,0.00732601
34,43,0,0.349715,2065,0.00941915
35,44,0,0.359706,2061,0.00732601
36,45,0,0.369698,2061,0.00732601
37,46,0,0.37969,2061,0.00732601
38,47,0,0.389682,2061,0.00732601
39,48,0,0.399674,2065,0.00941915
40,49,0,0.409666,2061,0.00732601
41,50,0,0.419657,2061,0.00732601
42,51,0,0.429649,2060,0.00680272
43,52,0,0.439641,2061,0.00732601
44,53,0,0.449633,2063,0.00837258
45,54,0,0.459625,2061,0.00732601
46,55,0,0.469617,2062,0.00784929
47,56,0,0.479608,2064,0.00889587
48,57,0,0.4896,2060,0.00680272
49,58,0,0.499592,2060,0.00680272
50,59,0,0.509584,2062,0.00784929
51,60,0,0.519576,2061,0.00732601
52,61,0,0.529568,2062,0.00784929
53,62,0,0.53956,2061,0.00732601
54,63,0,0.549551,2063,0.00837258
55,64,0,0.559543,2061,0.00732601
56,65,0,0.569535,2062,0.00784929
57,66,0,0.579527,2064,0.00889587
58,67,0,0.589519,2060,0.00680272
59,68,0,0.599511,2062,0.00784929
60,69,0,0.609502,2061,0.00732601
61,70,0,0.619494,2060,0.00680272
62,71,0,0.629486,2060,0.00680272
63,72,0,0.639478,2059,0.00627944
64,73,0,0.64947,2062,0.00784929
65,74,0,0.659462,2063,0.00837258
66,75,0,0.669454,2062,0.00784929
67,76,0,0.679445,2063,0.00837258
68,77,0,0.689437,2061,0.00732601
69,78,0,0.699429,2061,0.00732601
70,79,0,0.709421,2060,0.00680272
71,80,0,0.719413,2061,0.00732601
72,81,0,0.729405,2059,0.00627944
73,82,0,0.739396,2062,0.00784929
74,83,0,0.749388,2060,0.00680272
75,84,0,0.75938,2062,0.00784929
76,85,0,0.769372,2063,0.00837258
77,86,0,0.779364,2063,0.00837258
78,87,0,0.789356,2061,0.00732601
79,88,0,0.799347,2062,0.00784929
80,89,0,0.809339,2061,0.00732601
81,90,0,0.819331,2061,0.00732601
82,91,0,0.829323,2059,0.00627944
83,92,0,0.839315,2059,0.00627944
84,93,0,0.849307,2056,0.00470958
85,94,0,0.859299,2054,0.003663
86,95,0,0.86929,2052,0.00261643
87,96,0,0.879282,2055,0.00418629
88,97,0,0.889274,2074,0.0141287
89,98,0,0.899266,2111,0.0334903
90,99,0,0.909258,2165,0.0617478
91,100,0,0.91925,2222,0.0915751
92,101,0,0.929241,2252,0.107274
93,102,0,0.939233,2244,0.103087
94,103,0,0.949225,2174,0.0664574
95,104,0,0.959217,2117,0.03663
96,105,0,0.969209,2081,0.0177917
97,106,0,0.979201,2051,0.00209314
98,107,0,0.989192,2039,-0.00418629
99,108,0,0.999184,2041,-0.00313972
100,109,0,1.00918,2039,-0.00418629
101,110,0,1.01917,2025,-0.0115123
102,111,0,1.02916,2000,-0.0245945
103,112,0,1.03915,1976,-0.0371533
104,113,0,1.04914,1951,-0.0502355
105,114,0,1.05914,1932,-0.0601779
106,115,0,1.06913,1927,-0.0627944
107,116,0,1.07912,1938,-0.0570382
108,117,0,1.08911,1970,-0.040293
109,118,0,1.0991,2005,-0.021978
110,119,0,1.10909,2035,-0.00627944
111,120,0,1.11909,2053,0.00313972
112,121,0,1.12908,2054,0.003663
113,122,0,1.13907,2058,0.00575615
114,123,0,1.14906,2058,0.00575615
115,124,0,1.15905,2060,0.00680272
116,125,0,1.16905,2062,0.00784929
117,126,0,1.17904,2059,0.00627944
118,127,0,1.18903,2057,0.00523286
119,128,0,1.19902,2057,0.00523286
120,129,0,1.20901,2056,0.00470958
121,130,0,1.219,2055,0.00418629
122,131,0,1.229,2057,0.00523286
123,132,0,1.23899,2057,0.00523286
124,133,0,1.24898,2057,0.00523286
125,134,0,1.25897,2057,0.00523286
126,135,0,1.26896,2060,0.00680272
127,136,0,1.27896,2058,0.00575615
128,137,0,1.28895,2059,0.00627944
129,138,0,1.29894,2060,0.00680272
130,139,0,1.30893,2059,0.00627944
131,140,0,1.31892,2058,0.00575615
132,141,0,1.32892,2059,0.00627944
133,142,0,1.33891,2059,0.00627944
134,143,0,1.3489,2058,0.00575615
135,144,0,1.35889,2057,0.00523286
136,145,0,1.36888,2058,0.00575615
137,146,0,1.37887,2057,0.00523286
138,147,0,1.38887,2058,0.00575615
139,148,0,1.39886,2056,0.00470958
140,149,0,1.40885,2057,0.00523286
141,150,0,1.41884,2058,0.00575615
142,151,0,1.42883,2059,0.00627944
143,152,0,1.43883,2057,0.00523286
144,153,0,1.44882,2057,0.00523286
145,154,0,1.45881,2057,0.00523286
146,155,0,1.4688,2057,0.00523286
147,156,0,1.47879,2061,0.00732601
148,157,0,1.48878,2059,0.00627944
149,158,0,1.49878,2057,0.00523286
150,159,0,1.50877,2058,0.00575615
151,160,0,1.51876,2058,0.00575615
152,161,0,1.52875,2060,0.00680272
153,162,0,1.53874,2059,0.00627944
154,163,0,1.54874,2060,0.00680272
155,164,0,1.55873,2059,0.00627944
156,165,0,1.56872,2060,0.00680272
157,166,0,1.57871,2060,0.00680272
158,167,0,1.5887,2060,0.00680272
159,168,0,1.59869,2059,0.00627944
160,169,0,1.60869,2057,0.00523286
161,170,0,1.61868,2058,0.00575615
162,171,0,1.62867,2058,0.00575615
163,172,0,1.63866,2057,0.00523286
164,173,0,1.64865,2058,0.00575615
165,174,0,1.65865,2059,0.00627944
166,175,0,1.66864,2056,0.00470958
167,176,0,1.67863,2062,0.00784929
168,177,0,1.68862,2058,0.00575615
169,178,0,1.69861,2059,0.00627944
170,179,0,1.70861,2060,0.00680272
171,180,0,1.7186,2057,0.00523286
172,181,0,1.72859,2057,0.00523286
173,182,0,1.73858,2060,0.00680272
174,183,0,1.74857,2058,0.00575615
175,184,0,1.75856,2057,0.00523286
176,185,0,1.76856,2056,0.00470958
177,186,0,1.77855,2057,0.00523286
178,187,0,1.78854,2057,0.00523286
179,188,0,1.79853,2058,0.00575615
180,189,0,1.80852,2058,0.00575615
181,190,0,1.81852,2058,0.00575615
182,191,0,1.82851,2057,0.00523286
183,192,0,1.8385,2056,0.00470958
184,193,0,1.84849,2055,0.00418629
185,194,0,1.85848,2053,0.00313972
186,195,0,1.86847,2053,0.00313972
187,196,0,1.87847,2057,0.00523286
188,197,0,1.88846,2079,0.0167452
189,198,0,1.89845,2122,0.0392465
190,199,0,1.90844,2190,0.0748299
191,200,0,1.91843,2254,0.10832
192,201,0,1.92843,2268,0.115646
193,202,0,1.93842,2209,0.0847724
194,203,0,1.94841,2135,0.0460492
195,204,0,1.9584,2089,0.021978
196,205,0,1.96839,2071,0.0125589
197,206,0,1.97838,2056,0.00470958
198,207,0,1.98838,2046,-0.000523286
199,208,0,1.99837,2032,-0.00784929
200,209,0,2.00836,2018,-0.0151753
201,210,0,2.01835,2008,-0.0204082
202,211,0,2.02834,1993,-0.0282575
203,212,0,2.03834,1971,-0.0397698
204,213,0,2.04833,1943,-0.0544218
205,214,0,2.05832,1915,-0.0690738
206,215,0,2.06831,1909,-0.0722135
207,216,0,2.0783,1936,-0.0580848
208,217,0,2.0883,1988,-0.0308739
209,218,0,2.09829,2039,-0.00418629
210,219,0,2.10828,2068,0.010989
211,220,0,2.11827,2070,0.0120356
212,221,0,2.12826,2060,0.00680272
213,222,0,2.13825,2058,0.00575615
214,223,0,2.14825,2061,0.00732601
215,224,0,2.15824,2060,0.00680272
216,225,0,2.16823,2061,0.00732601
217,226,0,2.17822,2057,0.00523286
218,227,0,2.18821,2059,0.00627944
219,228,0,2.19821,2059,0.00627944
220,229,0,2.2082,2057,0.00523286
221,230,0,2.21819,2055,0.00418629
222,231,0,2.22818,2054,0.003663
223,232,0,2.23817,2054,0.003663
224,233,0,2.24816,2053,0.00313972
225,234,0,2.25816,2054,0.003663
226,235,0,2.26815,2057,0.00523286
227,236,0,2.27814,2056,0.00470958
228,237,0,2.28813,2058,0.00575615
229,238,0,2.29812,2059,0.00627944
230,239,0,2.30812,2060,0.00680272
231,240,0,2.31811,2058,0.00575615
232,241,0,2.3281,2058,0.00575615
233,242,0,2.33809,2058,0.00575615
234,243,0,2.34808,2057,0.00523286
235,244,0,2.35808,2057,0.00523286
236,245,0,2.36807,2056,0.00470958
237,246,0,2.37806,2056,0.00470958
238,247,0,2.38805,2058,0.00575615
239,248,0,2.39804,2057,0.00523286
240,249,0,2.40803,2056,0.00470958
241,250,0,2.41803,2057,0.00523286
242,251,0,2.42802,2057,0.00523286
243,252,0,2.43801,2056,0.00470958
244,253,0,2.448,2056,0.00470958
245,254,0,2.45799,2055,0.00418629
246,255,0,2.46799,2056,0.00470958
247,0,0,2.47798,2056,0.00470958
248,1,0,2.48797,2057,0.00523286
249,2,0,2.49796,2058,0.00575615
250,3,0,2.50795,2057,0.00523286
251,4,0,2.51794,2057,0.00523286
252,5,0,2.52794,2057,0.00523286
253,6,0,2.53793,2056,0.00470958
254,7,0,2.54792,2057,0.00523286
255,8,0,2.55791,2058,0.00575615
256,9,0,2.5679,2057,0.00523286
257,10,0,2.5779,2058,0.00575615
258,11,0,2.58789,2059,0.00627944
259,12,0,2.59788,2056,0.00470958
260,13,0,2.60787,2059,0.00627944
261,14,0,2.61786,2059,0.00627944
262,15,0,2.62785,2057,0.00523286
263,16,0,2.63785,2056,0.00470958
264,17,0,2.64784,2057,0.00523286
265,18,0,2.65783,2060,0.00680272
266,19,0,2.66782,2059,0.00627944
267,20,0,2.67781,2058,0.00575615
268,21,0,2.68781,2056,0.00470958
269,22,0,2.6978,2056,0.00470958
270,23,0,2.70779,2059,0.00627944
271,24,0,2.71778,2057,0.00523286
272,25,0,2.72777,2056,0.00470958
273,26,0,2.73777,2057,0.00523286
274,27,0,2.74776,2059,0.00627944
275,28,0,2.75775,2058,0.00575615
276,29,0,2.76774,2055,0.00418629
277,30,0,2.77773,2056,0.00470958
278,31,0,2.78772,2055,0.00418629
279,32,0,2.79772,2052,0.00261643
280,33,0,2.80771,2052,0.00261643
281,34,0,2.8177,2056,0.00470958
282,35,0,2.82769,2073,0.0136054
283,36,0,2.83768,2104,0.0298273
284,37,0,2.84768,2151,0.0544218
285,38,0,2.85767,2188,0.0737834
286,39,0,2.86766,2206,0.0832025
287,40,0,2.87765,2195,0.0774464
288,41,0,2.88764,2164,0.0612245
289,42,0,2.89763,2125,0.0408163
290,43,0,2.90763,2090,0.0225013
291,44,0,2.91762,2060,0.00680272
292,45,0,2.92761,2037,-0.00523286
293,46,0,2.9376,2026,-0.010989
294,47,0,2.94759,2032,-0.00784929
295,48,0,2.95759,2025,-0.0115123
296,49,0,2.96758,2006,-0.0214547
297,50,0,2.97757,1975,-0.0376766
298,51,0,2.98756,1945,-0.0533752
299,52,0,2.99755,1923,-0.0648875
300,53,0,3.00754,1926,-0.0633176
301,54,0,3.01754,1960,-0.0455259
302,55,0,3.02753,2006,-0.0214547
303,56,0,3.03752,2048,0.000523286
304,57,0,3.04751,2062,0.00784929
305,58,0,3.0575,2064,0.00889587
306,59,0,3.0675,2060,0.00680272
307,60,0,3.07749,2059,0.00627944
308,61,0,3.08748,2060,0.00680272
309,62,0,3.09747,2057,0.00523286
310,63,0,3.10746,2058,0.00575615
311,64,0,3.11746,2056,0.00470958
312,65,0,3.12745,2057,0.00523286
313,66,0,3.13744,2058,0.00575615
314,67,0,3.14743,2057,0.00523286
315,68,0,3.15742,2056,0.00470958
316,69,0,3.16741,2054,0.003663
317,70,0,3.17741,2054,0.003663
318,71,0,3.1874,2056,0.00470958
319,72,0,3.19739,2057,0.00523286
320,73,0,3.20738,2056,0.00470958
321,74,0,3.21737,2056,0.00470958
322,75,0,3.22737,2057,0.00523286
323,76,0,3.23736,2058,0.00575615
324,77,0,3.24735,2057,0.00523286
325,78,0,3.25734,2058,0.00575615
326,79,0,3.26733,2057,0.00523286
327,80,0,3.27732,2056,0.00470958
328,81,0,3.28732,2055,0.00418629
329,82,0,3.29731,2060,0.00680272
330,83,0,3.3073,2057,0.00523286
331,84,0,3.31729,2057,0.00523286
332,85,0,3.32728,2058,0.00575615
333,86,0,3.33728,2057,0.00523286
334,87,0,3.34727,2057,0.00523286
335,88,0,3.35726,2058,0.00575615
336,89,0,3.36725,2060,0.00680272
337,90,0,3.37724,2056,0.00470958
338,91,0,3.38723,2055,0.00418629
339,92,0,3.39723,2060,0.00680272
340,93,0,3.40722,2057,0.00523286
341,94,0,3.41721,2058,0.00575615
342,95,0,3.4272,2056,0.00470958
343,96,0,3.43719,2057,0.00523286
344,97,0,3.44719,2056,0.00470958
345,98,0,3.45718,2057,0.00523286
346,99,0,3.46717,2055,0.00418629
347,100,0,3.47716,2056,0.00470958
348,101,0,3.48715,2056,0.00470958
349,102,0,3.49715,2056,0.00470958
350,103,0,3.50714,2057,0.00523286
351,104,0,3.51713,2057,0.00523286
352,105,0,3.52712,2057,0.00523286
353,106,0,3.53711,2058,0.00575615
354,107,0,3.5471,2056,0.00470958
355,108,0,3.5571,2056,0.00470958
356,109,0,3.56709,2056,0.00470958
357,110,0,3.57708,2056,0.00470958
358,111,0,3.58707,2054,0.003663
359,112,0,3.59706,2056,0.00470958
360,113,0,3.60706,2056,0.00470958
361,114,0,3.61705,2058,0.00575615
362,115,0,3.62704,2054,0.003663
363,116,0,3.63703,2057,0.00523286
364,117,0,3.64702,2056,0.00470958
365,118,0,3.65701,2055,0.00418629
366,119,0,3.66701,2051,0.00209314
367,120,0,3.677,2054,0.003663
368,121,0,3.68699,2062,0.00784929
369,122,0,3.69698,2086,0.0204082
370,123,0,3.70697,2127,0.0418629
371,124,0,3.71697,2176,0.0675039
372,125,0,3.72696,2204,0.0821559
373,126,0,3.73695,2196,0.0779696
374,127,0,3.74694,2165,0.0617478
375,128,0,3.75693,2130,0.0434328
376,129,0,3.76692,2102,0.0287807
377,130,0,3.77692,2078,0.0162219
378,131,0,3.78691,2061,0.00732601
379,132,0,3.7969,2046,-0.000523286
380,133,0,3.80689,2035,-0.00627944
381,134,0,3.81688,2018,-0.0151753
382,135,0,3.82688,2000,-0.0245945
383,136,0,3.83687,1978,-0.0361068
384,137,0,3.84686,1954,-0.0486656
385,138,0,3.85685,1932,-0.0601779
386,139,0,3.86684,1928,-0.0622711
387,140,0,3.87684,1951,-0.0502355
388,141,0,3.88683,1994,-0.0277342
389,142,0,3.89682,2035,-0.00627944
390,143,0,3.90681,2057,0.00523286
391,144,0,3.9168,2061,0.00732601
392,145,0,3.92679,2057,0.00523286
393,146,0,3.93679,2060,0.00680272
394,147,0,3.94678,2059,0.00627944
395,148,0,3.95677,2058,0.00575615
396,149,0,3.96676,2056,0.00470958
397,150,0,3.97675,2056,0.00470958
398,151,0,3.98675,2055,0.00418629
399,152,0,3.99674,2058,0.00575615
400,153,0,4.00673,2059,0.00627944
401,154,0,4.01672,2058,0.00575615
402,155,0,4.02671,2056,0.00470958
403,156,0,4.0367,2055,0.00418629
404,157,0,4.0467,2054,0.003663
405,158,0,4.05669,2055,0.00418629
406,159,0,4.06668,2056,0.00470958
407,160,0,4.07667,2056,0.00470958
408,161,0,4.08666,2056,0.00470958
409,162,0,4.09666,2059,0.00627944
410,163,0,4.10665,2056,0.00470958
411,164,0,4.11664,2057,0.00523286
412,165,0,4.12663,2055,0.00418629
413,166,0,4.13662,2057,0.00523286
414,167,0,4.14662,2057,0.00523286
415,168,0,4.15661,2058,0.00575615
416,169,0,4.1666,2054,0.003663
417,170,0,4.17659,2059,0.00627944
418,171,0,4.18658,2056,0.00470958
419,172,0,4.19657,2057,0.00523286
420,173,0,4.20657,2057,0.00523286
421,174,0,4.21656,2057,0.00523286
422,175,0,4.22655,2057,0.00523286
423,176,0,4.23654,2056,0.00470958
424,177,0,4.24653,2056,0.00470958
425,178,0,4.25653,2056,0.00470958
426,179,0,4.26652,2055,0.00418629
427,180,0,4.27651,2057,0.00523286
428,181,0,4.2865,2058,0.00575615
429,182,0,4.29649,2056,0.00470958
430,183,0,4.30648,2056,0.00470958
431,184,0,4.31648,2056,0.00470958
432,185,0,4.32647,2058,0.00575615
433,186,0,4.33646,2058,0.00575615
434,187,0,4.34645,2056,0.00470958
435,188,0,4.35644,2057,0.00523286
436,189,0,4.36644,2056,0.00470958
437,190,0,4.37643,2058,0.00575615
438,191,0,4.38642,2057,0.00523286
439,192,0,4.39641,2058,0.00575615
440,193,0,4.4064,2056,0.00470958
441,194,0,4.41639,2057,0.00523286
442,195,0,4.42639,2057,0.00523286
443,196,0,4.43638,2056,0.00470958
444,197,0,4.44637,2058,0.00575615
445,198,0,4.45636,2058,0.00575615
446,199,0,4.46635,2054,0.003663
447,200,0,4.47635,2056,0.00470958
448,201,0,4.48634,2058,0.00575615
449,202,0,4.49633,2056,0.00470958
450,203,0,4.50632,2058,0.00575615
451,204,0,4.51631,2057,0.00523286
452,205,0,4.52631,2057,0.00523286
453,206,0,4.5363,2055,0.00418629
454,207,0,4.54629,2052,0.00261643
455,208,0,4.55628,2052,0.00261643
456,209,0,4.56627,2055,0.00418629
457,210,0,4.57626,2081,0.0177917
458,211,0,4.58626,2146,0.0518053
459,212,0,4.59625,2230,0.0957614
460,213,0,4.60624,2275,0.119309
461,214,0,4.61623,2235,0.0983778
462,215,0,4.62622,2155,0.0565149
463,216,0,4.63622,2100,0.0277342
464,217,0,4.64621,2070,0.0120356
465,218,0,4.6562,2056,0.00470958
466,219,0,4.66619,2048,0.000523286
467,220,0,4.67618,2043,-0.00209314
468,221,0,4.68617,2037,-0.00523286
469,222,0,4.69617,2023,-0.0125589
470,223,0,4.70616,2004,-0.0225013
471,224,0,4.71615,1980,-0.0350602
472,225,0,4.72614,1956,-0.047619
473,226,0,4.73613,1940,-0.0559916
474,227,0,4.74613,1930,-0.0612245
475,228,0,4.75612,1944,-0.0538985
476,229,0,4.76611,1975,-0.0376766
477,230,0,4.7761,2014,-0.0172684
478,231,0,4.78609,2048,0.000523286
479,232,0,4.79608,2062,0.00784929
480,233,0,4.80608,2060,0.00680272
481,234,0,4.81607,2059,0.00627944
482,235,0,4.82606,2056,0.00470958
483,236,0,4.83605,2056,0.00470958
484,237,0,4.84604,2057,0.00523286
485,238,0,4.85604,2059,0.00627944
486,239,0,4.86603,2058,0.00575615
487,240,0,4.87602,2056,0.00470958
488,241,0,4.88601,2058,0.00575615
489,242,0,4.896,2056,0.00470958
490,243,0,4.906,2056,0.00470958
491,244,0,4.91599,2058,0.00575615
492,245,0,4.92598,2057,0.00523286
493,246,0,4.93597,2056,0.00470958
494,247,0,4.94596,2057,0.00523286
495,248,0,4.95595,2058,0.00575615
496,249,0,4.96595,2057,0.00523286
497,250,0,4.97594,2057,0.00523286
498,251,0,4.98593,2058,0.00575615
499,252,0,4.99592,2057,0.00523286
500,253,0,5.00591,2057,0.00523286
501,254,0,5.01591,2060,0.00680272
502,255,0,5.0259,2058,0.00575615
503,0,0,5.03589,2057,0.00523286
504,1,0,5.04588,2057,0.00523286
505,2,0,5.05587,2057,0.00523286
506,3,0,5.06586,2056,0.00470958
507,4,0,5.07586,2056,0.00470958
508,5,0,5.08585,2056,0.00470958
509,6,0,5.09584,2056,0.00470958
510,7,0,5.10583,2058,0.00575615
511,8,0,5.11582,2057,0.00523286
512,9,0,5.12582,2058,0.00575615
513,10,0,5.13581,2056,0.00470958
514,11,0,5.1458,2056,0.00470958
515,12,0,5.15579,2058,0.00575615
516,13,0,5.16578,2058,0.00575615
517,14,0,5.17577,2056,0.00470958
518,15,0,5.18577,2056,0.00470958
519,16,0,5.19576,2057,0.00523286
520,17,0,5.20575,2056,0.00470958
521,18,0,5.21574,2055,0.00418629
522,19,0,5.22573,2057,0.00523286
523,20,0,5.23573,2056,0.00470958
524,21,0,5.24572,2057,0.00523286
525,22,0,5.25571,2059,0.00627944
526,23,0,5.2657,2058,0.00575615
527,24,0,5.27569,2056,0.00470958
528,25,0,5.28569,2057,0.00523286
529,26,0,5.29568,2056,0.00470958
530,27,0,5.30567,2058,0.00575615
531,28,0,5.31566,2058,0.00575615
532,29,0,5.32565,2058,0.00575615
533,30,0,5.33564,2059,0.00627944
534,31,0,5.34564,2059,0.00627944
535,32,0,5.35563,2058,0.00575615
536,33,0,5.36562,2059,0.00627944
537,34,0,5.37561,2056,0.00470958
538,35,0,5.3856,2054,0.003663
539,36,0,5.3956,2053,0.00313972
540,37,0,5.40559,2052,0.00261643
541,38,0,5.41558,2053,0.00313972
542,39,0,5.42557,2069,0.0115123
543,40,0,5.43556,2114,0.0350602
544,41,0,5.44555,2190,0.0748299
545,42,0,5.45555,2260,0.11146
546,43,0,5.46554,2253,0.107797
547,44,0,5.47553,2182,0.0706436
548,45,0,5.48552,2110,0.032967
549,46,0,5.49551,2069,0.0115123
550,47,0,5.50551,2050,0.00156986
551,48,0,5.5155,2030,-0.00889587
552,49,0,5.52549,2022,-0.0130822
553,50,0,5.53548,2019,-0.014652
554,51,0,5.54547,2012,-0.018315
555,52,0,5.55546,1996,-0.0266876
556,53,0,5.56546,1968,-0.0413396
557,54,0,5.57545,1946,-0.0528519
558,55,0,5.58544,1935,-0.0586081
559,56,0,5.59543,1942,-0.0549451
560,57,0,5.60542,1977,-0.03663
561,58,0,5.61542,2023,-0.0125589
562,59,0,5.62541,2055,0.00418629
563,60,0,5.6354,2060,0.00680272
564,61,0,5.64539,2057,0.00523286
565,62,0,5.65538,2054,0.003663
566,63,0,5.66538,2055,0.00418629
567,64,0,5.67537,2058,0.00575615
568,65,0,5.68536,2057,0.00523286
569,66,0,5.69535,2056,0.00470958
570,67,0,5.70534,2056,0.00470958
571,68,0,5.71533,2055,0.00418629
572,69,0,5.72533,2056,0.00470958
573,70,0,5.73532,2056,0.00470958
574,71,0,5.74531,2057,0.00523286
575,72,0,5.7553,2056,0.00470958
576,73,0,5.76529,2055,0.00418629
577,74,0,5.77529,2056,0.00470958
578,75,0,5.78528,2056,0.00470958
579,76,0,5.79527,2054,0.003663
580,77,0,5.80526,2056,0.00470958
581,78,0,5.81525,2057,0.00523286
582,79,0,5.82524,2058,0.00575615
583,80,0,5.83524,2056,0.00470958
584,81,0,5.84523,2056,0.00470958
585,82,0,5.85522,2057,0.00523286
586,83,0,5.86521,2057,0.00523286
587,84,0,5.8752,2056,0.00470958
588,85,0,5.8852,2056,0.00470958
589,86,0,5.89519,2056,0.00470958
590,87,0,5.90518,2058,0.00575615
591,88,0,5.91517,2056,0.00470958
592,89,0,5.92516,2057,0.00523286
593,90,0,5.93515,2055,0.00418629
594,91,0,5.94515,2056,0.00470958
595,92,0,5.95514,2056,0.00470958
596,93,0,5.96513,2056,0.00470958
597,94,0,5.97512,2056,0.00470958
598,95,0,5.98511,2056,0.00470958
599,96,0,5.99511,2060,0.00680272
600,97,0,6.0051,2056,0.00470958
601,98,0,6.01509,2056,0.00470958
602,99,0,6.02508,2057,0.00523286
603,100,0,6.03507,2055,0.00418629
604,101,0,6.04507,2060,0.00680272
605,102,0,6.05506,2055,0.00418629
606,103,0,6.06505,2059,0.00627944
607,104,0,6.07504,2058,0.00575615
608,105,0,6.08503,2057,0.00523286
609,106,0,6.09502,2059,0.00627944
610,107,0,6.10502,2058,0.00575615
611,108,0,6.11501,2057,0.00523286
612,109,0,6.125,2059,0.00627944
613,110,0,6.13499,2058,0.00575615
614,111,0,6.14498,2060,0.00680272
615,112,0,6.15498,2059,0.00627944
616,113,0,6.16497,2057,0.00523286
617,114,0,6.17496,2060,0.00680272
618,115,0,6.18495,2058,0.00575615
619,116,0,6.19494,2057,0.00523286
620,117,0,6.20493,2057,0.00523286
621,118,0,6.21493,2056,0.00470958
622,119,0,6.22492,2056,0.00470958
623,120,0,6.23491,2055,0.00418629
624,121,0,6.2449,2055,0.00418629
625,122,0,6.25489,2054,0.003663
626,123,0,6.26489,2057,0.00523286
627,124,0,6.27488,2075,0.014652
628,125,0,6.28487,2121,0.0387232
629,126,0,6.29486,2204,0.0821559
630,127,0,6.30485,2273,0.118263
631,128,0,6.31485,2248,0.105181
632,129,0,6.32484,2165,0.0617478
633,130,0,6.33483,2096,0.025641
634,131,0,6.34482,2059,0.00627944
635,132,0,6.35481,2039,-0.00418629
636,133,0,6.3648,2026,-0.010989
637,134,0,6.3748,2023,-0.0125589
638,135,0,6.38479,2020,-0.0141287
639,136,0,6.39478,2019,-0.014652
640,137,0,6.40477,2004,-0.0225013
641,138,0,6.41476,1987,-0.0313972
642,139,0,6.42476,1962,-0.0444793
643,140,0,6.43475,1942,-0.0549451
644,141,0,6.44474,1936,-0.0580848
645,142,0,6.45473,1957,-0.0470958
646,143,0,6.46472,1996,-0.0266876
647,144,0,6.47471,2040,-0.003663
648,145,0,6.48471,2064,0.00889587
649,146,0,6.4947,2063,0.00837258
650,147,0,6.50469,2055,0.00418629
651,148,0,6.51468,2053,0.00313972
652,149,0,6.52467,2055,0.00418629
653,150,0,6.53467,2058,0.00575615
654,151,0,6.54466,2056,0.00470958
655,152,0,6.55465,2056,0.00470958
656,153,0,6.56464,2057,0.00523286
657,154,0,6.57463,2056,0.00470958
658,155,0,6.58462,2058,0.00575615
659,156,0,6.59462,2058,0.00575615
660,157,0,6.60461,2055,0.00418629
661,158,0,6.6146,2055,0.00418629
662,159,0,6.62459,2054,0.003663
663,160,0,6.63458,2059,0.00627944
664,161,0,6.64458,2056,0.00470958
665,162,0,6.65457,2056,0.00470958
666,163,0,6.66456,2058,0.00575615
667,164,0,6.67455,2056,0.00470958
668,165,0,6.68454,2059,0.00627944
669,166,0,6.69454,2059,0.00627944
670,167,0,6.70453,2058,0.00575615
671,168,0,6.71452,2058,0.00575615
672,169,0,6.72451,2056,0.00470958
673,170,0,6.7345,2056,0.00470958
674,171,0,6.74449,2056,0.00470958
675,172,0,6.75449,2058,0.00575615
676,173,0,6.76448,2058,0.00575615
677,174,0,6.77447,2056,0.00470958
678,175,0,6.78446,2055,0.00418629
679,176,0,6.79445,2056,0.00470958
680,177,0,6.80445,2056,0.00470958
681,178,0,6.81444,2056,0.00470958
682,179,0,6.82443,2057,0.00523286
683,180,0,6.83442,2057,0.00523286
684,181,0,6.84441,2060,0.00680272
685,182,0,6.8544,2059,0.00627944
686,183,0,6.8644,2061,0.00732601
687,184,0,6.87439,2061,0.00732601
688,185,0,6.88438,2059,0.00627944
689,186,0,6.89437,2058,0.00575615
690,187,0,6.90436,2057,0.00523286
691,188,0,6.91436,2057,0.00523286
692,189,0,6.92435,2056,0.00470958
693,190,0,6.93434,2057,0.00523286
694,191,0,6.94433,2058,0.00575615
695,192,0,6.95432,2059,0.00627944
696,193,0,6.96431,2056,0.00470958
697,194,0,6.97431,2058,0.00575615
698,195,0,6.9843,2058,0.00575615
699,196,0,6.99429,2059,0.00627944
700,197,0,7.00428,2056,0.00470958
701,198,0,7.01427,2058,0.00575615
702,199,0,7.02427,2057,0.00523286
703,200,0,7.03426,2059,0.00627944
704,201,0,7.04425,2057,0.00523286
705,202,0,7.05424,2058,0.00575615
706,203,0,7.06423,2056,0.00470958
707,204,0,7.07423,2060,0.00680272
708,205,0,7.08422,2058,0.00575615
709,206,0,7.09421,2056,0.00470958
710,207,0,7.1042,2056,0.00470958
711,208,0,7.11419,2055,0.00418629
712,209,0,7.12418,2057,0.00523286
713,210,0,7.13418,2056,0.00470958
714,211,0,7.14417,2055,0.00418629
715,212,0,7.15416,2055,0.00418629
716,213,0,7.16415,2056,0.00470958
717,214,0,7.17414,2076,0.0151753
718,215,0,7.18414,2110,0.032967
719,216,0,7.19413,2170,0.0643642
720,217,0,7.20412,2228,0.0947148
721,218,0,7.21411,2241,0.101518
722,219,0,7.2241,2199,0.0795395
723,220,0,7.23409,2134,0.0455259
724,221,0,7.24409,2079,0.0167452
725,222,0,7.25408,2046,-0.000523286
726,223,0,7.26407,2023,-0.0125589
727,224,0,7.27406,2005,-0.021978
728,225,0,7.28405,1992,-0.0287807
729,226,0,7.29405,1983,-0.0334903
730,227,0,7.30404,1971,-0.0397698
731,228,0,7.31403,1959,-0.0460492
732,229,0,7.32402,1947,-0.0523286
733,230,0,7.33401,1950,-0.0507588
734,231,0,7.344,1975,-0.0376766
735,232,0,7.354,2023,-0.0125589
736,233,0,7.36399,2061,0.00732601
737,234,0,7.37398,2074,0.0141287
738,235,0,7.38397,2063,0.00837258
739,236,0,7.39396,2054,0.003663
740,237,0,7.40396,2056,0.00470958
741,238,0,7.41395,2054,0.003663
742,239,0,7.42394,2054,0.003663
743,240,0,7.43393,2054,0.003663
744,241,0,7.44392,2056,0.00470958
745,242,0,7.45392,2056,0.00470958
746,243,0,7.46391,2056,0.00470958
747,244,0,7.4739,2059,0.00627944
748,245,0,7.48389,2059,0.00627944
749,246,0,7.49388,2058,0.00575615
750,247,0,7.50387,2056,0.00470958
751,248,0,7.51387,2059,0.00627944
752,249,0,7.52386,2057,0.00523286
753,250,0,7.53385,2058,0.00575615
754,251,0,7.54384,2056,0.00470958
755,252,0,7.55383,2056,0.00470958
756,253,0,7.56383,2059,0.00627944
757,254,0,7.57382,2056,0.00470958
758,255,0,7.58381,2058,0.00575615
759,0,0,7.5938,2057,0.00523286
760,1,0,7.60379,2058,0.00575615
761,2,0,7.61378,2059,0.00627944
762,3,0,7.62378,2060,0.00680272
763,4,0,7.63377,2059,0.00627944
764,5,0,7.64376,2058,0.00575615
765,6,0,7.65375,2060,0.00680272
766,7,0,7.66374,2059,0.00627944
767,8,0,7.67374,2058,0.00575615
768,9,0,7.68373,2058,0.00575615
769,10,0,7.69372,2057,0.00523286
770,11,0,7.70371,2055,0.00418629
771,12,0,7.7137,2059,0.00627944
772,13,0,7.72369,2057,0.00523286
773,14,0,7.73369,2058,0.00575615
774,15,0,7.74368,2055,0.00418629
775,16,0,7.75367,2057,0.00523286
776,17,0,7.76366,2060,0.00680272
777,18,0,7.77365,2058,0.00575615
778,19,0,7.78365,2056,0.00470958
779,20,0,7.79364,2060,0.00680272
780,21,0,7.80363,2058,0.00575615
781,22,0,7.81362,2060,0.00680272
782,23,0,7.82361,2061,0.00732601
783,24,0,7.83361,2058,0.00575615
784,25,0,7.8436,2057,0.00523286
785,26,0,7.85359,2056,0.00470958
786,27,0,7.86358,2057,0.00523286
787,28,0,7.87357,2058,0.00575615
788,29,0,7.88356,2057,0.00523286
789,30,0,7.89356,2057,0.00523286
790,31,0,7.90355,2057,0.00523286
791,32,0,7.91354,2058,0.00575615
792,33,0,7.92353,2059,0.00627944
793,34,0,7.93352,2058,0.00575615
794,35,0,7.94352,2057,0.00523286
795,36,0,7.95351,2058,0.00575615
796,37,0,7.9635,2057,0.00523286
797,38,0,7.97349,2058,0.00575615
798,39,0,7.98348,2056,0.00470958
799,40,0,7.99347,2054,0.003663
800,41,0,8.00347,2055,0.00418629
801,42,0,8.01346,2070,0.0120356
802,43,0,8.02345,2112,0.0340136
803,44,0,8.03344,2185,0.0722135
804,45,0,8.04343,2249,0.105704
805,46,0,8.05343,2249,0.105704
806,47,0,8.06342,2186,0.0727368
807,48,0,8.07341,2117,0.03663
808,49,0,8.0834,2069,0.0115123
809,50,0,8.09339,2050,0.00156986
810,51,0,8.10338,2031,-0.00837258
811,52,0,8.11338,2014,-0.0172684
812,53,0,8.12337,2000,-0.0245945
813,54,0,8.13336,1989,-0.0303506
814,55,0,8.14335,1974,-0.0381999
815,56,0,8.15334,1964,-0.0434328
816,57,0,8.16334,1956,-0.047619
817,58,0,8.17333,1958,-0.0465725
818,59,0,8.18332,1973,-0.0387232
819,60,0,8.19331,2005,-0.021978
820,61,0,8.2033,2036,-0.00575615
821,62,0,8.2133,2055,0.00418629
822,63,0,8.22329,2064,0.00889587
823,64,0,8.23328,2060,0.00680272
824,65,0,8.24327,2058,0.00575615
825,66,0,8.25326,2061,0.00732601
826,67,0,8.26325,2060,0.00680272
827,68,0,8.27325,2060,0.00680272
828,69,0,8.28324,2060,0.00680272
829,70,0,8.29323,2060,0.00680272
830,71,0,8.30322,2061,0.00732601
831,72,0,8.31321,2060,0.00680272
832,73,0,8.32321,2059,0.00627944
833,74,0,8.3332,2057,0.00523286
834,75,0,8.34319,2055,0.00418629
835,76,0,8.35318,2058,0.00575615
836,77,0,8.36317,2056,0.00470958
837,78,0,8.37316,2057,0.00523286
838,79,0,8.38316,2057,0.00523286
839,80,0,8.39315,2060,0.00680272
840,81,0,8.40314,2058,0.00575615
841,82,0,8.41313,2059,0.00627944
842,83,0,8.42312,2059,0.00627944
843,84,0,8.43312,2057,0.00523286
844,85,0,8.44311,2057,0.00523286
845,86,0,8.4531,2058,0.00575615
846,87,0,8.46309,2057,0.00523286
847,88,0,8.47308,2058,0.00575615
848,89,0,8.48308,2057,0.00523286
849,90,0,8.49307,2058,0.00575615
850,91,0,8.50306,2057,0.00523286
851,92,0,8.51305,2058,0.00575615
852,93,0,8.52304,2056,0.00470958
853,94,0,8.53303,2058,0.00575615
854,95,0,8.54303,2059,0.00627944
855,96,0,8.55302,2056,0.00470958
856,97,0,8.56301,2058,0.00575615
857,98,0,8.573,2057,0.00523286
858,99,0,8.58299,2059,0.00627944
859,100,0,8.59299,2057,0.00523286
860,101,0,8.60298,2060,0.00680272
861,102,0,8.61297,2059,0.00627944
862,103,0,8.62296,2059,0.00627944
863,104,0,8.63295,2058,0.00575615
864,105,0,8.64294,2057,0.00523286
865,106,0,8.65294,2057,0.00523286
866,107,0,8.66293,2058,0.00575615
867,108,0,8.67292,2059,0.00627944
868,109,0,8.68291,2059,0.00627944
869,110,0,8.6929,2058,0.00575615
870,111,0,8.7029,2059,0.00627944
871,112,0,8.71289,2058,0.00575615
872,113,0,8.72288,2058,0.00575615
873,114,0,8.73287,2058,0.00575615
874,115,0,8.74286,2059,0.00627944
875,116,0,8.75285,2060,0.00680272
876,117,0,8.76285,2059,0.00627944
877,118,0,8.77284,2058,0.00575615
878,119,0,8.78283,2057,0.00523286
879,120,0,8.79282,2057,0.00523286
880,121,0,8.80281,2057,0.00523286
881,122,0,8.81281,2067,0.0104657
882,123,0,8.8228,2094,0.0245945
883,124,0,8.83279,2142,0.0497122
884,125,0,8.84278,2197,0.0784929
885,126,0,8.85277,2229,0.0952381
886,127,0,8.86277,2217,0.0889587
887,128,0,8.87276,2174,0.0664574
888,129,0,8.88275,2123,0.0397698
889,130,0,8.89274,2088,0.0214547
890,131,0,8.90273,2050,0.00156986
891,132,0,8.91272,2022,-0.0130822
892,133,0,8.92272,2005,-0.021978
893,134,0,8.93271,1999,-0.0251177
894,135,0,8.9427,1998,-0.025641
895,136,0,8.95269,1996,-0.0266876
896,137,0,8.96268,1987,-0.0313972
897,138,0,8.97268,1975,-0.0376766
898,139,0,8.98267,1966,-0.0423862
899,140,0,8.99266,1966,-0.0423862
900,141,0,9.00265,1978,-0.0361068
901,142,0,9.01264,2001,-0.0240712
902,143,0,9.02263,2025,-0.0115123
903,144,0,9.03263,2041,-0.00313972
904,145,0,9.04262,2051,0.00209314
905,146,0,9.05261,2053,0.00313972
906,147,0,9.0626,2057,0.00523286
907,148,0,9.07259,2056,0.00470958
908,149,0,9.08259,2057,0.00523286
909,150,0,9.09258,2057,0.00523286
910,151,0,9.10257,2057,0.00523286
911,152,0,9.11256,2058,0.00575615
912,153,0,9.12255,2061,0.00732601
913,154,0,9.13254,2060,0.00680272
914,155,0,9.14254,2060,0.00680272
915,156,0,9.15253,2062,0.00784929
916,157,0,9.16252,2062,0.00784929
917,158,0,9.17251,2060,0.00680272
918,159,0,9.1825,2061,0.00732601
919,160,0,9.1925,2061,0.00732601
920,161,0,9.20249,2060,0.00680272
921,162,0,9.21248,2059,0.00627944
922,163,0,9.22247,2058,0.00575615
923,164,0,9.23246,2059,0.00627944
924,165,0,9.24246,2059,0.00627944
925,166,0,9.25245,2058,0.00575615
926,167,0,9.26244,2058,0.00575615
927,168,0,9.27243,2057,0.00523286
928,169,0,9.28242,2058,0.00575615
929,170,0,9.29241,2057,0.00523286
930,171,0,9.30241,2058,0.00575615
931,172,0,9.3124,2057,0.00523286
932,173,0,9.32239,2058,0.00575615
933,174,0,9.33238,2058,0.00575615
934,175,0,9.34237,2058,0.00575615
935,176,0,9.35237,2059,0.00627944
936,177,0,9.36236,2060,0.00680272
937,178,0,9.37235,2057,0.00523286
938,179,0,9.38234,2060,0.00680272
939,180,0,9.39233,2059,0.00627944
940,181,0,9.40232,2059,0.00627944
941,182,0,9.41232,2057,0.00523286
942,183,0,9.42231,2059,0.00627944
943,184,0,9.4323,2059,0.00627944
944,185,0,9.44229,2058,0.00575615
945,186,0,9.45228,2058,0.00575615
946,187,0,9.46228,2059,0.00627944
947,188,0,9.47227,2058,0.00575615
948,189,0,9.48226,2064,0.00889587
949,190,0,9.49225,2059,0.00627944
950,191,0,9.50224,2061,0.00732601
951,192,0,9.51223,2057,0.00523286
952,193,0,9.52223,2057,0.00523286
953,194,0,9.53222,2060,0.00680272
954,195,0,9.54221,2058,0.00575615
955,196,0,9.5522,2060,0.00680272
956,197,0,9.56219,2060,0.00680272
957,198,0,9.57219,2059,0.00627944
958,199,0,9.58218,2058,0.00575615
959,200,0,9.59217,2057,0.00523286
960,201,0,9.60216,2057,0.00523286
961,202,0,9.61215,2058,0.00575615
962,203,0,9.62215,2066,0.00994244
963,204,0,9.63214,2091,0.0230246
964,205,0,9.64213,2144,0.0507588
965,206,0,9.65212,2208,0.0842491
966,207,0,9.66211,2241,0.101518
967,208,0,9.6721,2209,0.0847724
968,209,0,9.6821,2146,0.0518053
969,210,0,9.69209,2092,0.0235479
970,211,0,9.70208,2046,-0.000523286
971,212,0,9.71207,2012,-0.018315
972,213,0,9.72206,1993,-0.0282575
973,214,0,9.73206,1993,-0.0282575
974,215,0,9.74205,1993,-0.0282575
975,216,0,9.75204,1986,-0.0319205
976,217,0,9.76203,1971,-0.0397698
977,218,0,9.77202,1961,-0.0450026
978,219,0,9.78201,1963,-0.043956
979,220,0,9.79201,1986,-0.0319205
980,221,0,9.802,2021,-0.0136054
981,222,0,9.81199,2054,0.003663
982,223,0,9.82198,2065,0.00941915
983,224,0,9.83197,2060,0.00680272
984,225,0,9.84197,2055,0.00418629
985,226,0,9.85196,2058,0.00575615
986,227,0,9.86195,2058,0.00575615
987,228,0,9.87194,2059,0.00627944
988,229,0,9.88193,2058,0.00575615
989,230,0,9.89192,2059,0.00627944
990,231,0,9.90192,2058,0.00575615
991,232,0,9.91191,2059,0.00627944
992,233,0,9.9219,2060,0.00680272
993,234,0,9.93189,2060,0.00680272
994,235,0,9.94188,2061,0.00732601
995,236,0,9.95188,2059,0.00627944
996,237,0,9.96187,2057,0.00523286
997,238,0,9.97186,2059,0.00627944
998,239,0,9.98185,2058,0.00575615
999,240,0,9.99184,2058,0.00575615
1000,241,0,10.0018,2057,0.00523286
1001,242,0,10.0118,2057,0.00523286
1002,243,0,10.0218,2059,0.00627944
1003,244,0,10.0318,2059,0.00627944
1004,245,0,10.0418,2060,0.00680272
1005,246,0,10.0518,2059,0.00627944
1006,247,0,10.0618,2059,0.00627944
1007,248,0,10.0718,2059,0.00627944
1008,249,0,10.0818,2058,0.00575615
1009,250,0,10.0918,2058,0.00575615
1010,251,0,10.1018,2058,0.00575615
1011,252,0,10.1117,2058,0.00575615
1012,253,0,10.1217,2058,0.00575615
1013,254,0,10.1317,2058,0.00575615
1014,255,0,10.1417,2058,0.00575615
1015,0,0,10.1517,2058,0.00575615
1016,1,0,10.1617,2058,0.00575615
1017,2,0,10.1717,2058,0.00575615
1018,3,0,10.1817,2057,0.00523286
1019,4,0,10.1917,2058,0.00575615
1020,5,0,10.2017,2059,0.00627944
1021,6,0,10.2117,2058,0.00575615
1022,7,0,10.2217,2059,0.00627944
1023,8,0,10.2316,2061,0.00732601
1024,9,0,10.2416,2059,0.00627944
1025,10,0,10.2516,2060,0.00680272
1026,11,0,10.2616,2057,0.00523286
1027,12,0,10.2716,2059,0.00627944
1028,13,0,10.2816,2058,0.00575615
1029,14,0,10.2916,2059,0.00627944
1030,15,0,10.3016,2058,0.00575615
1031,16,0,10.3116,2058,0.00575615
1032,17,0,10.3216,2059,0.00627944
1033,18,0,10.3316,2060,0.00680272
1034,19,0,10.3416,2060,0.00680272
1035,20,0,10.3515,2057,0.00523286
1036,21,0,10.3615,2057,0.00523286
1037,22,0,10.3715,2059,0.00627944
1038,23,0,10.3815,2059,0.00627944
1039,24,0,10.3915,2059,0.00627944
1040,25,0,10.4015,2058,0.00575615
1041,26,0,10.4115,2058,0.00575615
1042,27,0,10.4215,2060,0.00680272
1043,28,0,10.4315,2059,0.00627944
1044,29,0,10.4415,2058,0.00575615
1045,30,0,10.4515,2059,0.00627944
1046,31,0,10.4615,2059,0.00627944
1047,32,0,10.4715,2058,0.00575615
1048,33,0,10.4814,2059,0.00627944
1049,34,0,10.4914,2058,0.00575615
1050,35,0,10.5014,2058,0.00575615
1051,36,0,10.5114,2060,0.00680272
1052,37,0,10.5214,2058,0.00575615
1053,38,0,10.5314,2059,0.00627944
1054,39,0,10.5414,2057,0.00523286
1055,40,0,10.5514,2058,0.00575615
1056,41,0,10.5614,2060,0.00680272
1057,42,0,10.5714,2059,0.00627944
1058,43,0,10.5814,2057,0.00523286
1059,44,0,10.5914,2058,0.00575615
1060,45,0,10.6013,2057,0.00523286
1061,46,0,10.6113,2062,0.00784929
1062,47,0,10.6213,2060,0.00680272
1063,48,0,10.6313,2059,0.00627944
1064,49,0,10.6413,2058,0.00575615
1065,50,0,10.6513,2060,0.00680272
1066,51,0,10.6613,2061,0.00732601
1067,52,0,10.6713,2061,0.00732601
1068,53,0,10.6813,2062,0.00784929
1069,54,0,10.6913,2061,0.00732601
1070,55,0,10.7013,2061,0.00732601
1071,56,0,10.7113,2061,0.00732601
1072,57,0,10.7212,2061,0.00732601
1073,58,0,10.7312,2062,0.00784929
1074,59,0,10.7412,2060,0.00680272
1075,60,0,10.7512,2059,0.00627944
1076,61,0,10.7612,2058,0.00575615
1077,62,0,10.7712,2057,0.00523286
1078,63,0,10.7812,2054,0.003663
1079,64,0,10.7912,2056,0.00470958
1080,65,0,10.8012,2054,0.003663
1081,66,0,10.8112,2053,0.00313972
1082,67,0,10.8212,2055,0.00418629
1083,68,0,10.8312,2055,0.00418629
1084,69,0,10.8412,2054,0.003663
1085,70,0,10.8511,2056,0.00470958
1086,71,0,10.8611,2054,0.003663
1087,72,0,10.8711,2056,0.00470958
1088,73,0,10.8811,2057,0.00523286
1089,74,0,10.8911,2059,0.00627944
1090,75,0,10.9011,2061,0.00732601
1091,76,0,10.9111,2064,0.00889587
1092,77,0,10.9211,2062,0.00784929
1093,78,0,10.9311,2061,0.00732601
1094,79,0,10.9411,2059,0.00627944
1095,80,0,10.9511,2055,0.00418629
1096,81,0,10.9611,2055,0.00418629
1097,82,0,10.971,2056,0.00470958
1098,83,0,10.981,2055,0.00418629
1099,84,0,10.991,2058,0.00575615
1100,85,0,11.001,2055,0.00418629
1101,86,0,11.011,2057,0.00523286
1102,87,0,11.021,2056,0.00470958
1103,88,0,11.031,2056,0.00470958
1104,89,0,11.041,2055,0.00418629
1105,90,0,11.051,2056,0.00470958
1106,91,0,11.061,2053,0.00313972
1107,92,0,11.071,2058,0.00575615
1108,93,0,11.081,2056,0.00470958
1109,94,0,11.0909,2057,0.00523286
1110,95,0,11.1009,2061,0.00732601
1111,96,0,11.1109,2061,0.00732601
1112,97,0,11.1209,2059,0.00627944
1113,98,0,11.1309,2058,0.00575615
1114,99,0,11.1409,2058,0.00575615
1115,100,0,11.1509,2062,0.00784929
1116,101,0,11.1609,2058,0.00575615
1117,102,0,11.1709,2058,0.00575615
1118,103,0,11.1809,2058,0.00575615
1119,104,0,11.1909,2057,0.00523286
1120,105,0,11.2009,2060,0.00680272
1121,106,0,11.2108,2059,0.00627944
1122,107,0,11.2208,2059,0.00627944
1123,108,0,11.2308,2060,0.00680272
1124,109,0,11.2408,2057,0.00523286
1125,110,0,11.2508,2062,0.00784929
1126,111,0,11.2608,2058,0.00575615
1127,112,0,11.2708,2059,0.00627944
1128,113,0,11.2808,2058,0.00575615
1129,114,0,11.2908,2058,0.00575615
1130,115,0,11.3008,2058,0.00575615
1131,116,0,11.3108,2057,0.00523286
1132,117,0,11.3208,2059,0.00627944
1133,118,0,11.3308,2057,0.00523286
1134,119,0,11.3407,2056,0.00470958
1135,120,0,11.3507,2057,0.00523286
1136,121,0,11.3607,2058,0.00575615
1137,122,0,11.3707,2058,0.00575615
1138,123,0,11.3807,2058,0.00575615
1139,124,0,11.3907,2058,0.00575615
1140,125,0,11.4007,2058,0.00575615
1141,126,0,11.4107,2058,0.00575615
1142,127,0,11.4207,2059,0.00627944
1143,128,0,11.4307,2060,0.00680272
1144,129,0,11.4407,2058,0.00575615
1145,130,0,11.4507,2060,0.00680272
1146,131,0,11.4606,2060,0.00680272
1147,132,0,11.4706,2061,0.00732601
1148,133,0,11.4806,2058,0.00575615
1149,134,0,11.4906,2058,0.00575615
1150,135,0,11.5006,2057,0.00523286
1151,136,0,11.5106,2059,0.00627944
1152,137,0,11.5206,2061,0.00732601
1153,138,0,11.5306,2058,0.00575615
1154,139,0,11.5406,2057,0.00523286
1155,140,0,11.5506,2057,0.00523286
1156,141,0,11.5606,2059,0.00627944
1157,142,0,11.5706,2059,0.00627944
1158,143,0,11.5805,2060,0.00680272
1159,144,0,11.5905,2058,0.00575615
1160,145,0,11.6005,2060,0.00680272
1161,146,0,11.6105,2060,0.00680272
1162,147,0,11.6205,2058,0.00575615
1163,148,0,11.6305,2059,0.00627944
1164,149,0,11.6405,2061,0.00732601
1165,150,0,11.6505,2061,0.00732601
1166,151,0,11.6605,2060,0.00680272
1167,152,0,11.6705,2059,0.00627944
1168,153,0,11.6805,2058,0.00575615
1169,154,0,11.6905,2060,0.00680272
1170,155,0,11.7004,2057,0.00523286
1171,156,0,11.7104,2058,0.00575615
1172,157,0,11.7204,2058,0.00575615
1173,158,0,11.7304,2058,0.00575615
1174,159,0,11.7404,2059,0.00627944
1175,160,0,11.7504,2059,0.00627944
1176,161,0,11.7604,2058,0.00575615
1177,162,0,11.7704,2061,0.00732601
1178,163,0,11.7804,2057,0.00523286
1179,164,0,11.7904,2061,0.00732601
1180,165,0,11.8004,2060,0.00680272
1181,166,0,11.8104,2057,0.00523286
1182,167,0,11.8204,2060,0.00680272
1183,168,0,11.8303,2057,0.00523286
1184,169,0,11.8403,2058,0.00575615
1185,170,0,11.8503,2058,0.00575615
1186,171,0,11.8603,2059,0.00627944
1187,172,0,11.8703,2060,0.00680272
1188,173,0,11.8803,2058,0.00575615
1189,174,0,11.8903,2058,0.00575615
1190,175,0,11.9003,2058,0.00575615
1191,176,0,11.9103,2058,0.00575615
1192,177,0,11.9203,2057,0.00523286
1193,178,0,11.9303,2059,0.00627944
1194,179,0,11.9403,2059,0.00627944
1195,180,0,11.9502,2059,0.00627944
1196,181,0,11.9602,2057,0.00523286
1197,182,0,11.9702,2060,0.00680272
1198,183,0,11.9802,2056,0.00470958
1199,184,0,11.9902,2058,0.00575615
1200,185,0,12.0002,2058,0.00575615
1201,186,0,12.0102,2059,0.00627944
1202,187,0,12.0202,2058,0.00575615
1203,188,0,12.0302,2057,0.00523286
1204,189,0,12.0402,2058,0.00575615
1205,190,0,12.0502,2059,0.00627944
1206,191,0,12.0602,2057,0.00523286
1207,192,0,12.0701,2059,0.00627944
1208,193,0,12.0801,2057,0.00523286
1209,194,0,12.0901,2058,0.00575615
1210,195,0,12.1001,2057,0.00523286
1211,196,0,12.1101,2058,0.00575615
1212,197,0,12.1201,2057,0.00523286
1213,198,0,12.1301,2060,0.00680272
1214,199,0,12.1401,2058,0.00575615
1215,200,0,12.1501,2061,0.00732601
1216,201,0,12.1601,2059,0.00627944
1217,202,0,12.1701,2057,0.00523286
1218,203,0,12.1801,2060,0.00680272
1219,204,0,12.19,2062,0.00784929
1220,205,0,12.2,2060,0.00680272
1221,206,0,12.21,2061,0.00732601
1222,207,0,12.22,2060,0.00680272
1223,208,0,12.23,2061,0.00732601
1224,209,0,12.24,2060,0.00680272
1225,210,0,12.25,2059,0.00627944
