index, frame, sample, time, raw[0], cal[0], raw[1], cal[1], raw[2], cal[2]
0,10,0,0.0125256,-1283,28.8292,387,-35.4082,-854,-46.6034
1,10,1,0.0250511,-1280,28.8681,387,-35.4082,-863,-46.7136
2,11,0,0.0375767,-1283,28.8292,387,-35.4082,-854,-46.6034
3,11,1,0.0501022,-1280,28.8681,387,-35.4082,-863,-46.7136
4,12,0,0.0626278,-1289,28.7513,381,-35.4775,-870,-46.7993
5,14,0,0.0751534,-1293,28.6994,389,-35.3852,-858,-46.6524
6,15,0,0.0876789,-1292,28.7124,392,-35.3505,-860,-46.6769
7,16,0,0.100204,-1298,28.6345,391,-35.3621,-865,-46.7381
8,17,0,0.11273,-1299,28.6215,394,-35.3274,-855,-46.6157
9,19,0,0.125256,-1299,28.6215,392,-35.3505,-858,-46.6524
10,20,0,0.137781,-1301,28.5955,394,-35.3274,-851,-46.5667
11,21,0,0.150307,-1305,28.5436,393,-35.339,-859,-46.6646
12,22,0,0.162832,-1313,28.4398,401,-35.2466,-849,-46.5422
13,24,0,0.175358,-1311,28.4657,400,-35.2581,-862,-46.7013
14,25,0,0.187883,-1314,28.4268,401,-35.2466,-860,-46.6769
15,26,0,0.200409,-1319,28.3619,397,-35.2928,-860,-46.6769
16,27,0,0.212935,-1322,28.3229,397,-35.2928,-849,-46.5422
17,29,0,0.22546,-1320,28.3489,396,-35.3043,-850,-46.5545
18,30,0,0.237986,-1321,28.3359,398,-35.2812,-848,-46.53
19,31,0,0.250511,-1333,28.1802,401,-35.2466,-849,-46.5422
20,32,0,0.263037,-1328,28.2451,397,-35.2928,-850,-46.5545
21,34,0,0.275562,-1336,28.1412,399,-35.2697,-844,-46.481
22,35,0,0.288088,-1339,28.1023,393,-35.339,-848,-46.53
23,36,0,0.300613,-1343,28.0504,396,-35.3043,-858,-46.6524
24,37,0,0.313139,-1345,28.0244,394,-35.3274,-850,-46.5545
25,39,0,0.325665,-1345,28.0244,394,-35.3274,-850,-46.5545
26,40,0,0.33819,-1345,28.0244,393,-35.339,-854,-46.6034
27,41,0,0.350716,-1350,27.9595,397,-35.2928,-850,-46.5545
28,42,0,0.363241,-1354,27.9076,392,-35.3505,-845,-46.4933
29,44,0,0.375767,-1356,27.8816,396,-35.3043,-847,-46.5177
30,45,0,0.388292,-1356,27.8816,394,-35.3274,-838,-46.4076
31,46,0,0.400818,-1359,27.8427,393,-35.339,-846,-46.5055
32,47,0,0.413344,-1358,27.8557,397,-35.2928,-842,-46.4566
33,49,0,0.425869,-1360,27.8297,397,-35.2928,-841,-46.4443
34,50,0,0.438395,-1358,27.8557,394,-35.3274,-843,-46.4688
35,51,0,0.45092,-1361,27.8167,395,-35.3159,-837,-46.3954
36,52,0,0.463446,-1367,27.7388,399,-35.2697,-844,-46.481
37,54,0,0.475971,-1365,27.7648,398,-35.2812,-838,-46.4076
38,55,0,0.488497,-1367,27.7388,398,-35.2812,-838,-46.4076
39,56,0,0.501022,-1364,27.7778,403,-35.2235,-829,-46.2974
40,57,0,0.513548,-1364,27.7778,407,-35.1773,-840,-46.4321
41,59,0,0.526074,-1364,27.7778,401,-35.2466,-841,-46.4443
42,60,0,0.538599,-1361,27.8167,401,-35.2466,-834,-46.3586
43,61,0,0.551125,-1351,27.9465,406,-35.1888,-839,-46.4198
44,63,0,0.56365,-1350,27.9595,402,-35.235,-841,-46.4443
45,64,0,0.576176,-1350,27.9595,404,-35.2119,-832,-46.3342
46,65,0,0.588701,-1350,27.9595,408,-35.1657,-839,-46.4198
47,66,0,0.601227,-1351,27.9465,413,-35.108,-836,-46.3831
48,68,0,0.613753,-1354,27.9076,412,-35.1195,-827,-46.273
49,69,0,0.626278,-1353,27.9206,410,-35.1426,-834,-46.3586
50,70,0,0.638804,-1357,27.8686,418,-35.0502,-829,-46.2974
51,71,0,0.651329,-1357,27.8686,417,-35.0618,-829,-46.2974
52,73,0,0.663855,-1355,27.8946,412,-35.1195,-825,-46.2485
53,74,0,0.67638,-1355,27.8946,417,-35.0618,-830,-46.3097
54,75,0,0.688906,-1361,27.8167,412,-35.1195,-820,-46.1873
55,76,0,0.701431,-1363,27.7908,419,-35.0387,-826,-46.2607
56,78,0,0.713957,-1367,27.7388,420,-35.0271,-824,-46.2362
57,79,0,0.726483,-1366,27.7518,422,-35.004,-814,-46.1138
58,80,0,0.739008,-1367,27.7388,424,-34.9809,-820,-46.1873
59,81,0,0.751534,-1365,27.7648,419,-35.0387,-815,-46.1261
60,83,0,0.764059,-1366,27.7518,425,-34.9694,-813,-46.1016
61,84,0,0.776585,-1372,27.6739,427,-34.9463,-825,-46.2485
62,85,0,0.78911,-1370,27.6999,429,-34.9232,-825,-46.2485
63,86,0,0.801636,-1369,27.7129,434,-34.8655,-819,-46.175
64,88,0,0.814162,-1373,27.661,433,-34.877,-818,-46.1628
65,89,0,0.826687,-1367,27.7388,434,-34.8655,-816,-46.1383
66,90,0,0.839213,-1370,27.6999,431,-34.9001,-802,-45.967
67,91,0,0.851738,-1362,27.8037,426,-34.9578,-808,-46.0404
68,93,0,0.864264,-1355,27.8946,429,-34.9232,-814,-46.1138
69,94,0,0.876789,-1336,28.1412,423,-34.9925,-820,-46.1873
70,95,0,0.889315,-1295,28.6734,406,-35.1888,-827,-46.273
71,96,0,0.90184,-1230,29.5171,385,-35.4313,-832,-46.3342
72,98,0,0.914366,-1135,30.7503,360,-35.7201,-807,-46.0282
73,99,0,0.926892,-1003,32.4637,337,-35.9857,-736,-45.1591
74,100,0,0.939417,-887,33.9694,315,-36.2398,-590,-43.3721
75,101,0,0.951943,-843,34.5405,309,-36.309,-387,-40.8874
76,103,0,0.964468,-876,34.1121,311,-36.2859,-200,-38.5985
77,104,0,0.976994,-943,33.2425,325,-36.1243,-96,-37.3256
78,105,0,0.989519,-986,32.6843,331,-36.055,-55,-36.8237
79,106,0,1.00204,-988,32.6584,335,-36.0088,-56,-36.836
80,108,0,1.01457,-967,32.9309,340,-35.951,-63,-36.9217
81,109,0,1.0271,-957,33.0607,349,-35.8471,-80,-37.1297
82,110,0,1.03962,-941,33.2684,356,-35.7663,-110,-37.4969
83,111,0,1.05215,-903,33.7617,356,-35.7663,-176,-38.3048
84,113,0,1.06467,-871,34.1771,353,-35.8009,-275,-39.5165
85,114,0,1.0772,-852,34.4237,351,-35.824,-390,-40.9241
86,115,0,1.08972,-882,34.0343,359,-35.7316,-536,-42.7111
87,116,0,1.10225,-965,32.9569,370,-35.6046,-668,-44.3268
88,118,0,1.11478,-1081,31.4512,391,-35.3621,-767,-45.5386
89,119,0,1.1273,-1187,30.0753,397,-35.2928,-806,-46.0159
90,120,0,1.13983,-1251,29.2445,385,-35.4313,-822,-46.2118
91,122,0,1.15235,-1268,29.0239,384,-35.4429,-830,-46.3097
92,123,0,1.16488,-1269,29.0109,380,-35.4891,-826,-46.2607
93,124,0,1.1774,-1272,28.972,387,-35.4082,-827,-46.273
94,125,0,1.18993,-1280,28.8681,395,-35.3159,-829,-46.2974
95,127,0,1.20245,-1288,28.7643,395,-35.3159,-827,-46.273
96,128,0,1.21498,-1303,28.5696,391,-35.3621,-834,-46.3586
97,129,0,1.22751,-1310,28.4787,390,-35.3736,-835,-46.3709
98,130,0,1.24003,-1327,28.258,385,-35.4313,-833,-46.3464
99,132,0,1.25256,-1335,28.1542,376,-35.5353,-828,-46.2852
100,133,0,1.26508,-1342,28.0633,377,-35.5237,-854,-46.6034
101,134,0,1.27761,-1341,28.0763,370,-35.6046,-850,-46.5545
102,135,0,1.29013,-1337,28.1282,367,-35.6392,-838,-46.4076
103,137,0,1.30266,-1342,28.0633,370,-35.6046,-833,-46.3464
104,138,0,1.31518,-1347,27.9984,372,-35.5815,-841,-46.4443
105,139,0,1.32771,-1343,28.0504,368,-35.6277,-848,-46.53
106,140,0,1.34024,-1351,27.9465,369,-35.6161,-843,-46.4688
107,142,0,1.35276,-1357,27.8686,372,-35.5815,-836,-46.3831
108,143,0,1.36529,-1359,27.8427,370,-35.6046,-832,-46.3342
109,144,0,1.37781,-1364,27.7778,372,-35.5815,-833,-46.3464
110,145,0,1.39034,-1360,27.8297,371,-35.593,-842,-46.4566
111,147,0,1.40286,-1368,27.7259,372,-35.5815,-845,-46.4933
112,148,0,1.41539,-1370,27.6999,370,-35.6046,-828,-46.2852
113,149,0,1.42791,-1372,27.6739,368,-35.6277,-841,-46.4443
114,150,0,1.44044,-1372,27.6739,373,-35.5699,-830,-46.3097
115,152,0,1.45297,-1377,27.609,371,-35.593,-837,-46.3954
116,153,0,1.46549,-1380,27.5701,373,-35.5699,-836,-46.3831
117,154,0,1.47802,-1379,27.5831,371,-35.593,-828,-46.2852
118,155,0,1.49054,-1379,27.5831,372,-35.5815,-832,-46.3342
119,157,0,1.50307,-1386,27.4922,366,-35.6508,-836,-46.3831
120,158,0,1.51559,-1387,27.4792,366,-35.6508,-842,-46.4566
121,159,0,1.52812,-1382,27.5441,366,-35.6508,-836,-46.3831
122,160,0,1.54064,-1383,27.5312,367,-35.6392,-829,-46.2974
123,162,0,1.55317,-1387,27.4792,364,-35.6739,-833,-46.3464
124,163,0,1.5657,-1395,27.3754,371,-35.593,-838,-46.4076
125,164,0,1.57822,-1389,27.4533,365,-35.6623,-843,-46.4688
126,166,0,1.59075,-1389,27.4533,362,-35.697,-842,-46.4566
127,167,0,1.60327,-1394,27.3884,366,-35.6508,-837,-46.3954
128,168,0,1.6158,-1394,27.3884,368,-35.6277,-833,-46.3464
129,169,0,1.62832,-1399,27.3235,367,-35.6392,-824,-46.2362
130,170,0,1.64085,-1396,27.3624,367,-35.6392,-827,-46.273
131,172,0,1.65337,-1396,27.3624,368,-35.6277,-826,-46.2607
132,173,0,1.6659,-1396,27.3624,372,-35.5815,-835,-46.3709
133,174,0,1.67843,-1399,27.3235,370,-35.6046,-832,-46.3342
134,176,0,1.69095,-1394,27.3884,370,-35.6046,-836,-46.3831
135,177,0,1.70348,-1398,27.3364,372,-35.5815,-834,-46.3586
136,178,0,1.716,-1399,27.3235,370,-35.6046,-831,-46.3219
137,179,0,1.72853,-1396,27.3624,372,-35.5815,-833,-46.3464
138,181,0,1.74105,-1393,27.4014,372,-35.5815,-828,-46.2852
139,182,0,1.75358,-1392,27.4143,372,-35.5815,-833,-46.3464
140,183,0,1.7661,-1398,27.3364,378,-35.5122,-832,-46.3342
141,184,0,1.77863,-1397,27.3494,375,-35.5468,-834,-46.3586
142,186,0,1.79116,-1392,27.4143,375,-35.5468,-831,-46.3219
143,187,0,1.80368,-1400,27.3105,381,-35.4775,-833,-46.3464
144,188,0,1.81621,-1397,27.3494,385,-35.4313,-833,-46.3464
145,189,0,1.82873,-1398,27.3364,387,-35.4082,-828,-46.2852
146,191,0,1.84126,-1398,27.3364,385,-35.4313,-829,-46.2974
147,192,0,1.85378,-1397,27.3494,381,-35.4775,-820,-46.1873
148,193,0,1.86631,-1387,27.4792,383,-35.4544,-827,-46.273
149,194,0,1.87883,-1360,27.8297,379,-35.5006,-828,-46.2852
150,196,0,1.89136,-1310,28.4787,371,-35.593,-828,-46.2852
151,197,0,1.90389,-1218,29.6729,363,-35.6854,-837,-46.3954
152,198,0,1.91641,-1090,31.3344,350,-35.8355,-788,-45.7956
153,199,0,1.92894,-949,33.1646,330,-36.0665,-665,-44.2901
154,201,0,1.94146,-856,34.3718,308,-36.3206,-465,-41.8421
155,202,0,1.95399,-866,34.242,314,-36.2513,-248,-39.186
156,203,0,1.96651,-927,33.4502,322,-36.1589,-115,-37.5581
157,204,0,1.97904,-979,32.7752,341,-35.9395,-72,-37.0318
158,206,0,1.99156,-1004,32.4507,358,-35.7432,-57,-36.8482
159,207,0,2.00409,-1000,32.5026,359,-35.7316,-58,-36.8605
160,208,0,2.01662,-977,32.8011,355,-35.7778,-71,-37.0196
161,209,0,2.02914,-938,33.3074,348,-35.8586,-125,-37.6805
162,211,0,2.04167,-905,33.7357,342,-35.9279,-171,-38.2436
163,212,0,2.05419,-865,34.2549,334,-36.0203,-253,-39.2472
164,213,0,2.06672,-847,34.4886,334,-36.0203,-362,-40.5814
165,214,0,2.07924,-864,34.2679,331,-36.055,-508,-42.3684
166,216,0,2.09177,-943,33.2425,340,-35.951,-663,-44.2656
167,217,0,2.10429,-1081,31.4512,353,-35.8009,-781,-45.7099
168,218,0,2.11682,-1239,29.4003,381,-35.4775,-835,-46.3709
169,219,0,2.12935,-1342,28.0633,399,-35.2697,-831,-46.3219
170,221,0,2.14187,-1381,27.5571,413,-35.108,-811,-46.0771
171,222,0,2.1544,-1364,27.7778,422,-35.004,-823,-46.224
172,223,0,2.16692,-1341,28.0763,430,-34.9117,-818,-46.1628
173,224,0,2.17945,-1317,28.3878,436,-34.8424,-812,-46.0894
174,226,0,2.19197,-1322,28.3229,439,-34.8077,-806,-46.0159
175,227,0,2.2045,-1334,28.1672,444,-34.75,-804,-45.9914
176,228,0,2.21702,-1350,27.9595,448,-34.7038,-804,-45.9914
177,230,0,2.22955,-1365,27.7648,450,-34.6807,-802,-45.967
178,231,0,2.24208,-1378,27.5961,445,-34.7384,-818,-46.1628
179,232,0,2.2546,-1380,27.5701,440,-34.7962,-805,-46.0037
180,233,0,2.26713,-1378,27.5961,435,-34.8539,-803,-45.9792
181,235,0,2.27965,-1372,27.6739,429,-34.9232,-799,-45.9302
182,236,0,2.29218,-1371,27.6869,422,-35.004,-812,-46.0894
183,237,0,2.3047,-1374,27.648,425,-34.9694,-823,-46.224
184,238,0,2.31723,-1378,27.5961,421,-35.0156,-827,-46.273
185,240,0,2.32975,-1386,27.4922,419,-35.0387,-824,-46.2362
186,241,0,2.34228,-1384,27.5182,417,-35.0618,-819,-46.175
187,242,0,2.35481,-1385,27.5052,419,-35.0387,-807,-46.0282
188,243,0,2.36733,-1379,27.5831,417,-35.0618,-817,-46.1506
189,245,0,2.37986,-1381,27.5571,416,-35.0733,-820,-46.1873
190,246,0,2.39238,-1380,27.5701,413,-35.108,-830,-46.3097
191,247,0,2.40491,-1381,27.5571,414,-35.0964,-819,-46.175
192,248,0,2.41743,-1379,27.5831,415,-35.0849,-825,-46.2485
193,250,0,2.42996,-1381,27.5571,414,-35.0964,-816,-46.1383
194,251,0,2.44248,-1380,27.5701,414,-35.0964,-820,-46.1873
195,252,0,2.45501,-1378,27.5961,412,-35.1195,-823,-46.224
196,253,0,2.46754,-1377,27.609,410,-35.1426,-827,-46.273
197,255,0,2.48006,-1384,27.5182,408,-35.1657,-826,-46.2607
198,0,0,2.49259,-1381,27.5571,406,-35.1888,-827,-46.273
199,1,0,2.50511,-1383,27.5312,409,-35.1542,-837,-46.3954
200,2,0,2.51764,-1381,27.5571,405,-35.2004,-826,-46.2607
201,4,0,2.53016,-1383,27.5312,406,-35.1888,-827,-46.273
202,5,0,2.54269,-1379,27.5831,401,-35.2466,-821,-46.1995
203,6,0,2.55521,-1383,27.5312,404,-35.2119,-821,-46.1995
204,7,0,2.56774,-1379,27.5831,400,-35.2581,-829,-46.2974
205,9,0,2.58027,-1382,27.5441,403,-35.2235,-816,-46.1383
206,10,0,2.59279,-1376,27.622,406,-35.1888,-829,-46.2974
207,11,0,2.60532,-1378,27.5961,401,-35.2466,-827,-46.273
208,12,0,2.61784,-1378,27.5961,401,-35.2466,-828,-46.2852
209,14,0,2.63037,-1381,27.5571,403,-35.2235,-829,-46.2974
210,15,0,2.64289,-1379,27.5831,402,-35.235,-829,-46.2974
211,16,0,2.65542,-1377,27.609,399,-35.2697,-822,-46.2118
212,17,0,2.66794,-1378,27.5961,403,-35.2235,-823,-46.224
213,19,0,2.68047,-1382,27.5441,402,-35.235,-829,-46.2974
214,20,0,2.693,-1384,27.5182,405,-35.2004,-841,-46.4443
215,21,0,2.70552,-1383,27.5312,403,-35.2235,-823,-46.224
216,22,0,2.71805,-1381,27.5571,404,-35.2119,-832,-46.3342
217,24,0,2.73057,-1377,27.609,406,-35.1888,-839,-46.4198
218,25,0,2.7431,-1376,27.622,404,-35.2119,-830,-46.3097
219,26,0,2.75562,-1377,27.609,402,-35.235,-828,-46.2852
220,27,0,2.76815,-1370,27.6999,396,-35.3043,-826,-46.2607
221,29,0,2.78067,-1378,27.5961,404,-35.2119,-823,-46.224
222,30,0,2.7932,-1372,27.6739,400,-35.2581,-820,-46.1873
223,31,0,2.80573,-1363,27.7908,402,-35.235,-821,-46.1995
224,33,0,2.81825,-1346,28.0114,398,-35.2812,-812,-46.0894
225,34,0,2.83078,-1294,28.6864,389,-35.3852,-827,-46.273
226,35,0,2.8433,-1212,29.7508,375,-35.5468,-822,-46.2118
227,36,0,2.85583,-1097,31.2435,366,-35.6508,-784,-45.7466
228,38,0,2.86835,-971,32.879,355,-35.7778,-693,-44.6328
229,39,0,2.88088,-881,34.0472,358,-35.7432,-537,-42.7234
230,40,0,2.8934,-855,34.3847,364,-35.6739,-385,-40.8629
231,41,0,2.90593,-874,34.1381,359,-35.7316,-260,-39.3329
232,43,0,2.91846,-905,33.7357,359,-35.7316,-172,-38.2558
233,44,0,2.93098,-917,33.58,355,-35.7778,-134,-37.7907
234,45,0,2.94351,-914,33.6189,351,-35.824,-152,-38.011
235,46,0,2.95603,-899,33.8136,358,-35.7432,-168,-38.2069
236,48,0,2.96856,-886,33.9823,365,-35.6623,-204,-38.6475
237,49,0,2.98108,-878,34.0862,368,-35.6277,-241,-39.1004
238,50,0,2.99361,-861,34.3069,374,-35.5584,-304,-39.8715
239,51,0,3.00613,-862,34.2939,371,-35.593,-422,-41.3158
240,53,0,3.01866,-899,33.8136,378,-35.5122,-574,-43.1763
241,54,0,3.03119,-993,32.5935,389,-35.3852,-702,-44.743
242,55,0,3.04371,-1128,30.8411,407,-35.1773,-790,-45.8201
243,56,0,3.05624,-1256,29.1796,425,-34.9694,-824,-46.2362
244,58,0,3.06876,-1327,28.258,433,-34.877,-819,-46.175
245,59,0,3.08129,-1343,28.0504,433,-34.877,-812,-46.0894
246,60,0,3.09381,-1334,28.1672,435,-34.8539,-818,-46.1628
247,61,0,3.10634,-1332,28.1931,432,-34.8886,-817,-46.1506
248,63,0,3.11887,-1346,28.0114,434,-34.8655,-818,-46.1628
249,64,0,3.13139,-1360,27.8297,433,-34.877,-816,-46.1383
250,65,0,3.14392,-1376,27.622,432,-34.8886,-811,-46.0771
251,66,0,3.15644,-1387,27.4792,429,-34.9232,-815,-46.1261
252,68,0,3.16897,-1397,27.3494,426,-34.9578,-816,-46.1383
253,69,0,3.18149,-1402,27.2845,426,-34.9578,-807,-46.0282
254,70,0,3.19402,-1399,27.3235,422,-35.004,-815,-46.1261
255,71,0,3.20654,-1393,27.4014,416,-35.0733,-815,-46.1261
256,73,0,3.21907,-1389,27.4533,413,-35.108,-824,-46.2362
257,74,0,3.2316,-1388,27.4663,407,-35.1773,-830,-46.3097
258,75,0,3.24412,-1394,27.3884,409,-35.1542,-824,-46.2362
259,76,0,3.25665,-1394,27.3884,407,-35.1773,-824,-46.2362
260,78,0,3.26917,-1396,27.3624,405,-35.2004,-823,-46.224
261,79,0,3.2817,-1394,27.3884,408,-35.1657,-826,-46.2607
262,80,0,3.29422,-1393,27.4014,412,-35.1195,-828,-46.2852
263,81,0,3.30675,-1395,27.3754,413,-35.108,-828,-46.2852
264,83,0,3.31927,-1393,27.4014,408,-35.1657,-824,-46.2362
265,84,0,3.3318,-1395,27.3754,406,-35.1888,-830,-46.3097
266,85,0,3.34433,-1394,27.3884,411,-35.1311,-823,-46.224
267,86,0,3.35685,-1392,27.4143,406,-35.1888,-827,-46.273
268,88,0,3.36938,-1392,27.4143,412,-35.1195,-821,-46.1995
269,89,0,3.3819,-1388,27.4663,408,-35.1657,-825,-46.2485
270,90,0,3.39443,-1389,27.4533,406,-35.1888,-820,-46.1873
271,92,0,3.40695,-1393,27.4014,405,-35.2004,-820,-46.1873
272,93,0,3.41948,-1395,27.3754,410,-35.1426,-827,-46.273
273,94,0,3.432,-1393,27.4014,408,-35.1657,-829,-46.2974
274,95,0,3.44453,-1394,27.3884,409,-35.1542,-823,-46.224
275,97,0,3.45706,-1399,27.3235,407,-35.1773,-829,-46.2974
276,98,0,3.46958,-1394,27.3884,403,-35.2235,-816,-46.1383
277,99,0,3.48211,-1394,27.3884,406,-35.1888,-821,-46.1995
278,100,0,3.49463,-1395,27.3754,407,-35.1773,-838,-46.4076
279,102,0,3.50716,-1393,27.4014,404,-35.2119,-819,-46.175
280,103,0,3.51968,-1393,27.4014,405,-35.2004,-828,-46.2852
281,104,0,3.53221,-1397,27.3494,401,-35.2466,-827,-46.273
282,105,0,3.54473,-1396,27.3624,405,-35.2004,-834,-46.3586
283,107,0,3.55726,-1395,27.3754,405,-35.2004,-823,-46.224
284,108,0,3.56979,-1398,27.3364,409,-35.1542,-831,-46.3219
285,109,0,3.58231,-1397,27.3494,408,-35.1657,-825,-46.2485
286,110,0,3.59484,-1397,27.3494,403,-35.2235,-824,-46.2362
287,112,0,3.60736,-1396,27.3624,402,-35.235,-822,-46.2118
288,113,0,3.61989,-1395,27.3754,401,-35.2466,-829,-46.2974
289,114,0,3.63241,-1397,27.3494,405,-35.2004,-830,-46.3097
290,115,0,3.64494,-1395,27.3754,405,-35.2004,-820,-46.1873
291,117,0,3.65746,-1392,27.4143,411,-35.1311,-822,-46.2118
292,118,0,3.66999,-1376,27.622,408,-35.1657,-819,-46.175
293,119,0,3.68252,-1351,27.9465,405,-35.2004,-827,-46.273
294,120,0,3.69504,-1297,28.6475,406,-35.1888,-831,-46.3219
295,122,0,3.70757,-1208,29.8027,392,-35.3505,-815,-46.1261
296,123,0,3.72009,-1088,31.3603,379,-35.5006,-772,-45.5998
297,124,0,3.73262,-965,32.9569,365,-35.6623,-676,-44.4247
298,125,0,3.74514,-879,34.0732,359,-35.7316,-523,-42.552
299,127,0,3.75767,-858,34.3458,352,-35.8125,-369,-40.6671
300,128,0,3.77019,-870,34.19,348,-35.8586,-258,-39.3084
301,129,0,3.78272,-893,33.8915,354,-35.7894,-206,-38.672
302,130,0,3.79525,-918,33.567,368,-35.6277,-170,-38.2313
303,132,0,3.80777,-933,33.3723,382,-35.466,-167,-38.1946
304,133,0,3.8203,-928,33.4372,392,-35.3505,-179,-38.3415
305,134,0,3.83282,-914,33.6189,401,-35.2466,-197,-38.5618
306,135,0,3.84535,-898,33.8266,403,-35.2235,-270,-39.4553
307,137,0,3.85787,-885,33.9953,411,-35.1311,-357,-40.5202
308,138,0,3.8704,-894,33.8785,409,-35.1542,-491,-42.1603
309,139,0,3.88292,-954,33.0997,418,-35.0502,-625,-43.8005
310,140,0,3.89545,-1065,31.6589,418,-35.0502,-745,-45.2693
311,142,0,3.90798,-1210,29.7767,424,-34.9809,-808,-46.0404
312,143,0,3.9205,-1327,28.258,416,-35.0733,-827,-46.273
313,144,0,3.93303,-1383,27.5312,411,-35.1311,-819,-46.175
314,146,0,3.94555,-1406,27.2326,412,-35.1195,-813,-46.1016
315,147,0,3.95808,-1414,27.1288,411,-35.1311,-816,-46.1383
316,148,0,3.9706,-1416,27.1028,415,-35.0849,-816,-46.1383
317,149,0,3.98313,-1412,27.1547,417,-35.0618,-810,-46.0649
318,151,0,3.99565,-1412,27.1547,414,-35.0964,-813,-46.1016
319,152,0,4.00818,-1412,27.1547,413,-35.108,-813,-46.1016
320,153,0,4.02071,-1418,27.0768,412,-35.1195,-825,-46.2485
321,154,0,4.03323,-1427,26.96,419,-35.0387,-810,-46.0649
322,156,0,4.04576,-1422,27.0249,418,-35.0502,-817,-46.1506
323,157,0,4.05828,-1419,27.0639,416,-35.0733,-810,-46.0649
324,158,0,4.07081,-1412,27.1547,415,-35.0849,-807,-46.0282
325,159,0,4.08333,-1407,27.2196,416,-35.0733,-821,-46.1995
326,161,0,4.09586,-1404,27.2586,412,-35.1195,-826,-46.2607
327,162,0,4.10838,-1413,27.1417,411,-35.1311,-818,-46.1628
328,163,0,4.12091,-1412,27.1547,412,-35.1195,-817,-46.1506
329,164,0,4.13344,-1413,27.1417,408,-35.1657,-822,-46.2118
330,166,0,4.14596,-1415,27.1158,410,-35.1426,-821,-46.1995
331,167,0,4.15849,-1405,27.2456,413,-35.108,-820,-46.1873
332,168,0,4.17101,-1407,27.2196,410,-35.1426,-814,-46.1138
333,169,0,4.18354,-1412,27.1547,413,-35.108,-824,-46.2362
334,171,0,4.19606,-1412,27.1547,411,-35.1311,-810,-46.0649
335,172,0,4.20859,-1410,27.1807,407,-35.1773,-820,-46.1873
336,173,0,4.22111,-1410,27.1807,405,-35.2004,-814,-46.1138
337,174,0,4.23364,-1405,27.2456,408,-35.1657,-818,-46.1628
338,176,0,4.24617,-1405,27.2456,404,-35.2119,-829,-46.2974
339,177,0,4.25869,-1404,27.2586,409,-35.1542,-819,-46.175
340,178,0,4.27122,-1407,27.2196,404,-35.2119,-826,-46.2607
341,179,0,4.28374,-1407,27.2196,400,-35.2581,-830,-46.3097
342,181,0,4.29627,-1407,27.2196,404,-35.2119,-822,-46.2118
343,182,0,4.30879,-1412,27.1547,403,-35.2235,-821,-46.1995
344,183,0,4.32132,-1408,27.2066,407,-35.1773,-815,-46.1261
345,184,0,4.33384,-1407,27.2196,409,-35.1542,-829,-46.2974
346,186,0,4.34637,-1405,27.2456,403,-35.2235,-829,-46.2974
347,187,0,4.3589,-1406,27.2326,398,-35.2812,-818,-46.1628
348,188,0,4.37142,-1408,27.2066,401,-35.2466,-829,-46.2974
349,189,0,4.38395,-1405,27.2456,398,-35.2812,-827,-46.273
350,191,0,4.39647,-1408,27.2066,397,-35.2928,-827,-46.273
351,192,0,4.409,-1408,27.2066,395,-35.3159,-824,-46.2362
352,193,0,4.42152,-1410,27.1807,397,-35.2928,-820,-46.1873
353,194,0,4.43405,-1404,27.2586,401,-35.2466,-826,-46.2607
354,196,0,4.44657,-1407,27.2196,397,-35.2928,-819,-46.175
355,197,0,4.4591,-1408,27.2066,397,-35.2928,-818,-46.1628
356,198,0,4.47163,-1410,27.1807,398,-35.2812,-823,-46.224
357,200,0,4.48415,-1414,27.1288,401,-35.2466,-824,-46.2362
358,201,0,4.49668,-1411,27.1677,406,-35.1888,-821,-46.1995
359,202,0,4.5092,-1409,27.1937,407,-35.1773,-821,-46.1995
360,203,0,4.52173,-1405,27.2456,404,-35.2119,-823,-46.224
361,205,0,4.53425,-1403,27.2715,403,-35.2235,-830,-46.3097
362,206,0,4.54678,-1393,27.4014,402,-35.235,-820,-46.1873
363,207,0,4.5593,-1380,27.5701,402,-35.235,-830,-46.3097
364,208,0,4.57183,-1340,28.0893,398,-35.2812,-836,-46.3831
365,210,0,4.58436,-1256,29.1796,387,-35.4082,-840,-46.4321
366,211,0,4.59688,-1117,30.9839,372,-35.5815,-798,-45.918
367,212,0,4.60941,-955,33.0867,366,-35.6508,-657,-44.1922
368,213,0,4.62193,-868,34.216,369,-35.6161,-435,-41.4749
369,215,0,4.63446,-889,33.9434,379,-35.5006,-240,-39.0881
370,216,0,4.64698,-934,33.3593,373,-35.5699,-138,-37.8397
371,217,0,4.65951,-951,33.1386,370,-35.6046,-101,-37.3868
372,218,0,4.67203,-957,33.0607,372,-35.5815,-100,-37.3745
373,220,0,4.68456,-953,33.1127,372,-35.5815,-103,-37.4113
374,221,0,4.69709,-943,33.2425,379,-35.5006,-121,-37.6316
375,222,0,4.70961,-936,33.3333,393,-35.339,-149,-37.9743
376,223,0,4.72214,-912,33.6449,397,-35.2928,-206,-38.672
377,225,0,4.73466,-897,33.8396,408,-35.1657,-291,-39.7124
378,226,0,4.74719,-886,33.9823,415,-35.0849,-401,-41.0588
379,227,0,4.75971,-919,33.554,424,-34.9809,-545,-42.8213
380,228,0,4.77224,-1007,32.4117,437,-34.8308,-669,-44.339
381,230,0,4.78476,-1141,30.6724,441,-34.7846,-763,-45.4896
382,231,0,4.79729,-1278,28.8941,439,-34.8077,-800,-45.9425
383,232,0,4.80982,-1375,27.635,431,-34.9001,-815,-46.1261
384,233,0,4.82234,-1422,27.0249,429,-34.9232,-801,-45.9547
385,235,0,4.83487,-1436,26.8432,417,-35.0618,-799,-45.9302
386,236,0,4.84739,-1440,26.7913,412,-35.1195,-803,-45.9792
387,237,0,4.85992,-1436,26.8432,409,-35.1542,-809,-46.0526
388,238,0,4.87244,-1438,26.8172,413,-35.108,-812,-46.0894
389,240,0,4.88497,-1429,26.9341,417,-35.0618,-804,-45.9914
390,241,0,4.89749,-1430,26.9211,412,-35.1195,-817,-46.1506
391,242,0,4.91002,-1439,26.8043,412,-35.1195,-827,-46.273
392,243,0,4.92255,-1443,26.7523,410,-35.1426,-809,-46.0526
393,245,0,4.93507,-1443,26.7523,402,-35.235,-810,-46.0649
394,246,0,4.9476,-1444,26.7394,404,-35.2119,-823,-46.224
395,247,0,4.96012,-1436,26.8432,404,-35.2119,-818,-46.1628
396,248,0,4.97265,-1431,26.9081,402,-35.235,-810,-46.0649
397,250,0,4.98517,-1429,26.9341,398,-35.2812,-814,-46.1138
398,251,0,4.9977,-1424,26.999,400,-35.2581,-810,-46.0649
399,252,0,5.01022,-1426,26.973,403,-35.2235,-818,-46.1628
400,253,0,5.02275,-1424,26.999,401,-35.2466,-822,-46.2118
401,255,0,5.03528,-1428,26.947,405,-35.2004,-810,-46.0649
402,0,0,5.0478,-1430,26.9211,408,-35.1657,-816,-46.1383
403,1,0,5.06033,-1425,26.986,403,-35.2235,-816,-46.1383
404,3,0,5.07285,-1421,27.0379,402,-35.235,-811,-46.0771
405,4,0,5.08538,-1420,27.0509,407,-35.1773,-822,-46.2118
406,5,0,5.0979,-1416,27.1028,406,-35.1888,-810,-46.0649
407,6,0,5.11043,-1413,27.1417,407,-35.1773,-815,-46.1261
408,8,0,5.12296,-1417,27.0898,405,-35.2004,-816,-46.1383
409,9,0,5.13548,-1414,27.1288,406,-35.1888,-809,-46.0526
410,10,0,5.14801,-1415,27.1158,404,-35.2119,-818,-46.1628
411,11,0,5.16053,-1412,27.1547,403,-35.2235,-819,-46.175
412,13,0,5.17306,-1412,27.1547,398,-35.2812,-818,-46.1628
413,14,0,5.18558,-1413,27.1417,397,-35.2928,-819,-46.175
414,15,0,5.19811,-1417,27.0898,397,-35.2928,-818,-46.1628
415,16,0,5.21063,-1412,27.1547,400,-35.2581,-830,-46.3097
416,18,0,5.22316,-1408,27.2066,396,-35.3043,-828,-46.2852
417,19,0,5.23569,-1413,27.1417,399,-35.2697,-816,-46.1383
418,20,0,5.24821,-1407,27.2196,391,-35.3621,-823,-46.224
419,21,0,5.26074,-1411,27.1677,398,-35.2812,-825,-46.2485
420,23,0,5.27326,-1406,27.2326,398,-35.2812,-826,-46.2607
421,24,0,5.28579,-1407,27.2196,395,-35.3159,-827,-46.273
422,25,0,5.29831,-1408,27.2066,399,-35.2697,-828,-46.2852
423,26,0,5.31084,-1411,27.1677,400,-35.2581,-822,-46.2118
424,28,0,5.32336,-1410,27.1807,399,-35.2697,-814,-46.1138
425,29,0,5.33589,-1408,27.2066,393,-35.339,-825,-46.2485
426,30,0,5.34842,-1409,27.1937,394,-35.3274,-823,-46.224
427,31,0,5.36094,-1410,27.1807,393,-35.339,-827,-46.273
428,33,0,5.37347,-1414,27.1288,393,-35.339,-829,-46.2974
429,34,0,5.38599,-1407,27.2196,395,-35.3159,-827,-46.273
430,35,0,5.39852,-1399,27.3235,396,-35.3043,-830,-46.3097
431,36,0,5.41104,-1381,27.5571,394,-35.3274,-843,-46.4688
432,38,0,5.42357,-1335,28.1542,391,-35.3621,-843,-46.4688
433,39,0,5.43609,-1250,29.2575,381,-35.4775,-832,-46.3342
434,40,0,5.44862,-1119,30.9579,377,-35.5237,-792,-45.8446
435,41,0,5.46115,-969,32.905,377,-35.5237,-670,-44.3513
436,43,0,5.47367,-885,33.9953,387,-35.4082,-460,-41.7809
437,44,0,5.4862,-902,33.7747,397,-35.2928,-258,-39.3084
438,45,0,5.49872,-943,33.2425,395,-35.3159,-163,-38.1457
439,46,0,5.51125,-955,33.0867,395,-35.3159,-137,-37.8274
440,48,0,5.52377,-945,33.2165,390,-35.3736,-151,-37.9988
441,49,0,5.5363,-921,33.528,386,-35.4198,-192,-38.5006
442,50,0,5.54882,-899,33.8136,383,-35.4544,-229,-38.9535
443,51,0,5.56135,-890,33.9304,388,-35.3967,-278,-39.5532
444,53,0,5.57388,-882,34.0343,388,-35.3967,-351,-40.4468
445,54,0,5.5864,-883,34.0213,388,-35.3967,-448,-41.634
446,55,0,5.59893,-930,33.4112,394,-35.3274,-576,-43.2007
447,57,0,5.61145,-1025,32.1781,408,-35.1657,-705,-44.7797
448,58,0,5.62398,-1168,30.3219,417,-35.0618,-791,-45.8323
449,59,0,5.6365,-1309,28.4917,422,-35.004,-818,-46.1628
450,60,0,5.64903,-1383,27.5312,415,-35.0849,-819,-46.175
451,62,0,5.66155,-1415,27.1158,410,-35.1426,-820,-46.1873
452,63,0,5.67408,-1418,27.0768,402,-35.235,-828,-46.2852
453,64,0,5.68661,-1418,27.0768,396,-35.3043,-824,-46.2362
454,65,0,5.69913,-1419,27.0639,398,-35.2812,-823,-46.224
455,67,0,5.71166,-1415,27.1158,397,-35.2928,-825,-46.2485
456,68,0,5.72418,-1408,27.2066,403,-35.2235,-823,-46.224
457,69,0,5.73671,-1405,27.2456,395,-35.3159,-833,-46.3464
458,70,0,5.74923,-1409,27.1937,398,-35.2812,-825,-46.2485
459,72,0,5.76176,-1411,27.1677,394,-35.3274,-821,-46.1995
460,73,0,5.77428,-1412,27.1547,393,-35.339,-827,-46.273
461,74,0,5.78681,-1402,27.2845,390,-35.3736,-835,-46.3709
462,75,0,5.79934,-1403,27.2715,386,-35.4198,-830,-46.3097
463,77,0,5.81186,-1403,27.2715,388,-35.3967,-833,-46.3464
464,78,0,5.82439,-1398,27.3364,387,-35.4082,-834,-46.3586
465,79,0,5.83691,-1400,27.3105,389,-35.3852,-830,-46.3097
466,80,0,5.84944,-1398,27.3364,390,-35.3736,-834,-46.3586
467,82,0,5.86196,-1391,27.4273,386,-35.4198,-821,-46.1995
468,83,0,5.87449,-1393,27.4014,384,-35.4429,-837,-46.3954
469,84,0,5.88701,-1390,27.4403,391,-35.3621,-835,-46.3709
470,85,0,5.89954,-1388,27.4663,392,-35.3505,-835,-46.3709
471,87,0,5.91207,-1385,27.5052,389,-35.3852,-833,-46.3464
472,88,0,5.92459,-1389,27.4533,393,-35.339,-836,-46.3831
473,89,0,5.93712,-1389,27.4533,387,-35.4082,-834,-46.3586
474,90,0,5.94964,-1385,27.5052,382,-35.466,-830,-46.3097
475,92,0,5.96217,-1386,27.4922,384,-35.4429,-841,-46.4443
476,93,0,5.97469,-1383,27.5312,383,-35.4544,-834,-46.3586
477,94,0,5.98722,-1377,27.609,382,-35.466,-837,-46.3954
478,95,0,5.99974,-1376,27.622,387,-35.4082,-832,-46.3342
479,97,0,6.01227,-1375,27.635,387,-35.4082,-819,-46.175
480,98,0,6.0248,-1375,27.635,390,-35.3736,-838,-46.4076
481,99,0,6.03732,-1368,27.7259,388,-35.3967,-827,-46.273
482,100,0,6.04985,-1365,27.7648,387,-35.4082,-832,-46.3342
483,102,0,6.06237,-1368,27.7259,385,-35.4313,-832,-46.3342
484,103,0,6.0749,-1369,27.7129,382,-35.466,-835,-46.3709
485,104,0,6.08742,-1367,27.7388,384,-35.4429,-836,-46.3831
486,106,0,6.09995,-1365,27.7648,385,-35.4313,-840,-46.4321
487,107,0,6.11247,-1367,27.7388,383,-35.4544,-840,-46.4321
488,108,0,6.125,-1368,27.7259,389,-35.3852,-845,-46.4933
489,109,0,6.13753,-1363,27.7908,384,-35.4429,-841,-46.4443
490,110,0,6.15005,-1365,27.7648,384,-35.4429,-837,-46.3954
491,112,0,6.16258,-1371,27.6869,386,-35.4198,-839,-46.4198
492,113,0,6.1751,-1369,27.7129,388,-35.3967,-839,-46.4198
493,114,0,6.18763,-1376,27.622,388,-35.3967,-840,-46.4321
494,116,0,6.20015,-1376,27.622,390,-35.3736,-822,-46.2118
495,117,0,6.21268,-1376,27.622,390,-35.3736,-837,-46.3954
496,118,0,6.2252,-1374,27.648,389,-35.3852,-829,-46.2974
497,119,0,6.23773,-1373,27.661,389,-35.3852,-830,-46.3097
498,121,0,6.25026,-1371,27.6869,391,-35.3621,-822,-46.2118
499,122,0,6.26278,-1349,27.9725,382,-35.466,-835,-46.3709
500,123,0,6.27531,-1303,28.5696,386,-35.4198,-834,-46.3586
501,124,0,6.28783,-1214,29.7248,386,-35.4198,-811,-46.0771
502,126,0,6.30036,-1066,31.6459,388,-35.3967,-763,-45.4896
503,127,0,6.31288,-929,33.4242,393,-35.339,-583,-43.2864
504,128,0,6.32541,-883,34.0213,389,-35.3852,-360,-40.5569
505,129,0,6.33793,-910,33.6708,377,-35.5237,-205,-38.6597
506,131,0,6.35046,-932,33.3853,366,-35.6508,-151,-37.9988
507,132,0,6.36299,-932,33.3853,363,-35.6854,-143,-37.9009
508,133,0,6.37551,-918,33.567,366,-35.6508,-164,-38.1579
509,134,0,6.38804,-908,33.6968,374,-35.5584,-201,-38.6108
510,136,0,6.40056,-889,33.9434,372,-35.5815,-250,-39.2105
511,137,0,6.41309,-879,34.0732,376,-35.5353,-294,-39.7491
512,138,0,6.42561,-869,34.203,382,-35.466,-351,-40.4468
513,139,0,6.43814,-879,34.0732,386,-35.4198,-444,-41.5851
514,141,0,6.45066,-919,33.554,393,-35.339,-576,-43.2007
515,142,0,6.46319,-1008,32.3988,399,-35.2697,-691,-44.6083
516,143,0,6.47572,-1142,30.6594,404,-35.2119,-782,-45.7222
517,144,0,6.48824,-1289,28.7513,405,-35.2004,-827,-46.273
518,146,0,6.50077,-1387,27.4792,404,-35.2119,-822,-46.2118
519,147,0,6.51329,-1417,27.0898,402,-35.235,-820,-46.1873
520,148,0,6.52582,-1419,27.0639,397,-35.2928,-819,-46.175
521,149,0,6.53834,-1418,27.0768,394,-35.3274,-827,-46.273
522,151,0,6.55087,-1418,27.0768,391,-35.3621,-822,-46.2118
523,152,0,6.56339,-1417,27.0898,391,-35.3621,-823,-46.224
524,153,0,6.57592,-1422,27.0249,387,-35.4082,-828,-46.2852
525,154,0,6.58845,-1427,26.96,384,-35.4429,-826,-46.2607
526,156,0,6.60097,-1437,26.8302,378,-35.5122,-828,-46.2852
527,157,0,6.6135,-1434,26.8692,371,-35.593,-834,-46.3586
528,158,0,6.62602,-1439,26.8043,380,-35.4891,-831,-46.3219
529,159,0,6.63855,-1427,26.96,376,-35.5353,-838,-46.4076
530,161,0,6.65107,-1426,26.973,376,-35.5353,-829,-46.2974
531,162,0,6.6636,-1420,27.0509,373,-35.5699,-829,-46.2974
532,163,0,6.67612,-1421,27.0379,374,-35.5584,-830,-46.3097
533,164,0,6.68865,-1420,27.0509,374,-35.5584,-833,-46.3464
534,166,0,6.70118,-1416,27.1028,374,-35.5584,-834,-46.3586
535,167,0,6.7137,-1421,27.0379,372,-35.5815,-835,-46.3709
536,168,0,6.72623,-1426,26.973,374,-35.5584,-831,-46.3219
537,170,0,6.73875,-1421,27.0379,375,-35.5468,-827,-46.273
538,171,0,6.75128,-1420,27.0509,375,-35.5468,-830,-46.3097
539,172,0,6.7638,-1416,27.1028,382,-35.466,-829,-46.2974
540,173,0,6.77633,-1414,27.1288,377,-35.5237,-827,-46.273
541,175,0,6.78885,-1416,27.1028,377,-35.5237,-827,-46.273
542,176,0,6.80138,-1411,27.1677,375,-35.5468,-820,-46.1873
543,177,0,6.81391,-1406,27.2326,372,-35.5815,-828,-46.2852
544,178,0,6.82643,-1412,27.1547,376,-35.5353,-828,-46.2852
545,180,0,6.83896,-1410,27.1807,378,-35.5122,-829,-46.2974
546,181,0,6.85148,-1403,27.2715,379,-35.5006,-827,-46.273
547,182,0,6.86401,-1402,27.2845,380,-35.4891,-830,-46.3097
548,183,0,6.87653,-1393,27.4014,376,-35.5353,-827,-46.273
549,185,0,6.88906,-1395,27.3754,380,-35.4891,-826,-46.2607
550,186,0,6.90158,-1394,27.3884,380,-35.4891,-830,-46.3097
551,187,0,6.91411,-1397,27.3494,384,-35.4429,-831,-46.3219
552,188,0,6.92664,-1399,27.3235,382,-35.466,-842,-46.4566
553,190,0,6.93916,-1394,27.3884,380,-35.4891,-828,-46.2852
554,191,0,6.95169,-1398,27.3364,377,-35.5237,-835,-46.3709
555,192,0,6.96421,-1397,27.3494,382,-35.466,-841,-46.4443
556,193,0,6.97674,-1399,27.3235,379,-35.5006,-836,-46.3831
557,195,0,6.98926,-1399,27.3235,383,-35.4544,-828,-46.2852
558,196,0,7.00179,-1397,27.3494,378,-35.5122,-836,-46.3831
559,197,0,7.01431,-1395,27.3754,379,-35.5006,-831,-46.3219
560,198,0,7.02684,-1399,27.3235,380,-35.4891,-832,-46.3342
561,200,0,7.03937,-1396,27.3624,376,-35.5353,-830,-46.3097
562,201,0,7.05189,-1397,27.3494,379,-35.5006,-829,-46.2974
563,202,0,7.06442,-1397,27.3494,385,-35.4313,-823,-46.224
564,203,0,7.07694,-1398,27.3364,381,-35.4775,-824,-46.2362
565,205,0,7.08947,-1397,27.3494,384,-35.4429,-838,-46.4076
566,206,0,7.10199,-1403,27.2715,385,-35.4313,-826,-46.2607
567,207,0,7.11452,-1401,27.2975,379,-35.5006,-832,-46.3342
568,208,0,7.12704,-1394,27.3884,379,-35.5006,-833,-46.3464
569,210,0,7.13957,-1386,27.4922,376,-35.5353,-839,-46.4198
570,211,0,7.1521,-1369,27.7129,376,-35.5353,-841,-46.4443
571,212,0,7.16462,-1338,28.1153,373,-35.5699,-841,-46.4443
572,213,0,7.17715,-1273,28.959,370,-35.6046,-833,-46.3464
573,215,0,7.18967,-1166,30.3479,363,-35.6854,-810,-46.0649
574,216,0,7.2022,-1030,32.1132,362,-35.697,-742,-45.2326
575,217,0,7.21472,-907,33.7098,357,-35.7547,-590,-43.3721
576,218,0,7.22725,-873,34.1511,373,-35.5699,-388,-40.8996
577,220,0,7.23978,-896,33.8525,376,-35.5353,-236,-39.0392
578,221,0,7.2523,-929,33.4242,386,-35.4198,-180,-38.3537
579,222,0,7.26483,-933,33.3723,389,-35.3852,-176,-38.3048
580,224,0,7.27735,-920,33.541,390,-35.3736,-209,-38.7087
581,225,0,7.28988,-896,33.8525,392,-35.3505,-267,-39.4186
582,226,0,7.3024,-880,34.0602,392,-35.3505,-330,-40.1897
583,227,0,7.31493,-881,34.0472,400,-35.2581,-421,-41.3036
584,229,0,7.32745,-904,33.7487,402,-35.235,-535,-42.6989
585,230,0,7.33998,-974,32.8401,404,-35.2119,-644,-44.0331
586,231,0,7.35251,-1096,31.2565,407,-35.1773,-756,-45.4039
587,232,0,7.36503,-1250,29.2575,405,-35.2004,-824,-46.2362
588,234,0,7.37756,-1382,27.5441,401,-35.2466,-824,-46.2362
589,235,0,7.39008,-1444,26.7394,398,-35.2812,-817,-46.1506
590,236,0,7.40261,-1463,26.4927,391,-35.3621,-814,-46.1138
591,237,0,7.41513,-1453,26.6225,394,-35.3274,-812,-46.0894
592,239,0,7.42766,-1447,26.7004,392,-35.3505,-816,-46.1383
593,240,0,7.44018,-1437,26.8302,392,-35.3505,-815,-46.1261
594,241,0,7.45271,-1430,26.9211,385,-35.4313,-823,-46.224
595,242,0,7.46524,-1430,26.9211,385,-35.4313,-829,-46.2974
596,244,0,7.47776,-1432,26.8951,380,-35.4891,-800,-45.9425
597,245,0,7.49029,-1440,26.7913,385,-35.4313,-824,-46.2362
598,246,0,7.50281,-1442,26.7653,388,-35.3967,-823,-46.224
599,247,0,7.51534,-1439,26.8043,386,-35.4198,-809,-46.0526
600,249,0,7.52786,-1437,26.8302,387,-35.4082,-824,-46.2362
601,250,0,7.54039,-1434,26.8692,390,-35.3736,-812,-46.0894
602,251,0,7.55291,-1435,26.8562,391,-35.3621,-812,-46.0894
603,252,0,7.56544,-1433,26.8821,387,-35.4082,-820,-46.1873
604,254,0,7.57797,-1435,26.8562,390,-35.3736,-824,-46.2362
605,255,0,7.59049,-1431,26.9081,387,-35.4082,-824,-46.2362
606,0,0,7.60302,-1430,26.9211,388,-35.3967,-820,-46.1873
607,1,0,7.61554,-1427,26.96,383,-35.4544,-822,-46.2118
608,3,0,7.62807,-1425,26.986,385,-35.4313,-822,-46.2118
609,4,0,7.64059,-1421,27.0379,386,-35.4198,-830,-46.3097
610,5,0,7.65312,-1421,27.0379,391,-35.3621,-822,-46.2118
611,6,0,7.66564,-1424,26.999,387,-35.4082,-822,-46.2118
612,8,0,7.67817,-1415,27.1158,384,-35.4429,-814,-46.1138
613,9,0,7.6907,-1424,26.999,388,-35.3967,-824,-46.2362
614,10,0,7.70322,-1414,27.1288,385,-35.4313,-825,-46.2485
615,11,0,7.71575,-1416,27.1028,384,-35.4429,-820,-46.1873
616,13,0,7.72827,-1407,27.2196,385,-35.4313,-834,-46.3586
617,14,0,7.7408,-1406,27.2326,383,-35.4544,-832,-46.3342
618,15,0,7.75332,-1406,27.2326,383,-35.4544,-837,-46.3954
619,16,0,7.76585,-1409,27.1937,386,-35.4198,-836,-46.3831
620,18,0,7.77837,-1407,27.2196,380,-35.4891,-832,-46.3342
621,19,0,7.7909,-1404,27.2586,381,-35.4775,-828,-46.2852
622,20,0,7.80343,-1401,27.2975,386,-35.4198,-827,-46.273
623,22,0,7.81595,-1409,27.1937,382,-35.466,-828,-46.2852
624,23,0,7.82848,-1407,27.2196,384,-35.4429,-839,-46.4198
625,24,0,7.841,-1409,27.1937,380,-35.4891,-831,-46.3219
626,25,0,7.85353,-1416,27.1028,382,-35.466,-824,-46.2362
627,27,0,7.86605,-1413,27.1417,386,-35.4198,-823,-46.224
628,28,0,7.87858,-1406,27.2326,382,-35.466,-821,-46.1995
629,29,0,7.8911,-1408,27.2066,383,-35.4544,-818,-46.1628
630,30,0,7.90363,-1415,27.1158,385,-35.4313,-823,-46.224
631,32,0,7.91616,-1409,27.1937,387,-35.4082,-829,-46.2974
632,33,0,7.92868,-1412,27.1547,386,-35.4198,-833,-46.3464
633,34,0,7.94121,-1413,27.1417,386,-35.4198,-835,-46.3709
634,35,0,7.95373,-1419,27.0639,383,-35.4544,-824,-46.2362
635,37,0,7.96626,-1422,27.0249,383,-35.4544,-832,-46.3342
636,38,0,7.97878,-1417,27.0898,379,-35.5006,-833,-46.3464
637,39,0,7.99131,-1401,27.2975,382,-35.466,-830,-46.3097
638,40,0,8.00383,-1374,27.648,375,-35.5468,-839,-46.4198
639,42,0,8.01636,-1300,28.6085,380,-35.4891,-842,-46.4566
640,43,0,8.02889,-1174,30.244,381,-35.4775,-820,-46.1873
641,44,0,8.04141,-1019,32.256,383,-35.4544,-712,-44.8654
642,45,0,8.05394,-904,33.7487,383,-35.4544,-534,-42.6867
643,47,0,8.06646,-889,33.9434,391,-35.3621,-332,-40.2142
644,48,0,8.07899,-926,33.4631,391,-35.3621,-198,-38.5741
645,49,0,8.09151,-950,33.1516,398,-35.2812,-160,-38.1089
646,50,0,8.10404,-955,33.0867,408,-35.1657,-165,-38.1701
647,52,0,8.11656,-939,33.2944,413,-35.108,-186,-38.4272
648,53,0,8.12909,-914,33.6189,416,-35.0733,-245,-39.1493
649,54,0,8.14162,-903,33.7617,420,-35.0271,-312,-39.9694
650,55,0,8.15414,-893,33.8915,424,-34.9809,-395,-40.9853
651,57,0,8.16667,-914,33.6189,428,-34.9347,-515,-42.4541
652,58,0,8.17919,-968,32.918,430,-34.9117,-624,-43.7882
653,59,0,8.19172,-1062,31.6978,429,-34.9232,-718,-44.9388
654,60,0,8.20424,-1187,30.0753,429,-34.9232,-799,-45.9302
655,62,0,8.21677,-1300,28.6085,413,-35.108,-822,-46.2118
656,63,0,8.22929,-1376,27.622,410,-35.1426,-832,-46.3342
657,64,0,8.24182,-1408,27.2066,407,-35.1773,-816,-46.1383
658,65,0,8.25435,-1413,27.1417,409,-35.1542,-813,-46.1016
659,67,0,8.26687,-1414,27.1288,408,-35.1657,-811,-46.0771
660,68,0,8.2794,-1414,27.1288,411,-35.1311,-814,-46.1138
661,69,0,8.29192,-1416,27.1028,413,-35.108,-810,-46.0649
662,70,0,8.30445,-1411,27.1677,416,-35.0733,-809,-46.0526
663,72,0,8.31697,-1412,27.1547,418,-35.0502,-811,-46.0771
664,73,0,8.3295,-1415,27.1158,417,-35.0618,-806,-46.0159
665,74,0,8.34202,-1418,27.0768,414,-35.0964,-807,-46.0282
666,76,0,8.35455,-1408,27.2066,415,-35.0849,-804,-45.9914
667,77,0,8.36708,-1403,27.2715,412,-35.1195,-801,-45.9547
668,78,0,8.3796,-1402,27.2845,409,-35.1542,-810,-46.0649
669,79,0,8.39213,-1395,27.3754,404,-35.2119,-813,-46.1016
670,81,0,8.40465,-1396,27.3624,401,-35.2466,-816,-46.1383
671,82,0,8.41718,-1398,27.3364,396,-35.3043,-820,-46.1873
672,83,0,8.4297,-1391,27.4273,398,-35.2812,-819,-46.175
673,84,0,8.44223,-1387,27.4792,393,-35.339,-825,-46.2485
674,86,0,8.45475,-1386,27.4922,394,-35.3274,-819,-46.175
675,87,0,8.46728,-1382,27.5441,398,-35.2812,-825,-46.2485
676,88,0,8.47981,-1381,27.5571,398,-35.2812,-826,-46.2607
677,89,0,8.49233,-1379,27.5831,397,-35.2928,-818,-46.1628
678,91,0,8.50486,-1383,27.5312,396,-35.3043,-818,-46.1628
679,92,0,8.51738,-1376,27.622,397,-35.2928,-827,-46.273
680,93,0,8.52991,-1374,27.648,396,-35.3043,-830,-46.3097
681,94,0,8.54243,-1367,27.7388,393,-35.339,-829,-46.2974
682,96,0,8.55496,-1370,27.6999,397,-35.2928,-825,-46.2485
683,97,0,8.56748,-1365,27.7648,392,-35.3505,-817,-46.1506
684,98,0,8.58001,-1363,27.7908,390,-35.3736,-817,-46.1506
685,99,0,8.59254,-1362,27.8037,389,-35.3852,-822,-46.2118
686,101,0,8.60506,-1367,27.7388,387,-35.4082,-820,-46.1873
687,102,0,8.61759,-1369,27.7129,390,-35.3736,-814,-46.1138
688,103,0,8.63011,-1364,27.7778,393,-35.339,-823,-46.224
689,104,0,8.64264,-1365,27.7648,391,-35.3621,-827,-46.273
690,106,0,8.65516,-1367,27.7388,392,-35.3505,-818,-46.1628
691,107,0,8.66769,-1373,27.661,396,-35.3043,-831,-46.3219
692,108,0,8.68021,-1372,27.6739,390,-35.3736,-821,-46.1995
693,109,0,8.69274,-1373,27.661,391,-35.3621,-820,-46.1873
694,111,0,8.70527,-1374,27.648,397,-35.2928,-827,-46.273
695,112,0,8.71779,-1375,27.635,392,-35.3505,-820,-46.1873
696,113,0,8.73032,-1377,27.609,395,-35.3159,-821,-46.1995
697,114,0,8.74284,-1379,27.5831,390,-35.3736,-816,-46.1383
698,116,0,8.75537,-1388,27.4663,393,-35.339,-817,-46.1506
699,117,0,8.76789,-1386,27.4922,399,-35.2697,-822,-46.2118
700,118,0,8.78042,-1388,27.4663,395,-35.3159,-811,-46.0771
701,119,0,8.79294,-1374,27.648,395,-35.3159,-820,-46.1873
702,121,0,8.80547,-1340,28.0893,401,-35.2466,-813,-46.1016
703,122,0,8.818,-1270,28.9979,396,-35.3043,-818,-46.1628
704,123,0,8.83052,-1159,30.4387,391,-35.3621,-793,-45.8568
705,124,0,8.84305,-1028,32.1391,387,-35.4082,-719,-44.951
706,126,0,8.85557,-922,33.5151,384,-35.4429,-568,-43.1028
707,127,0,8.8681,-878,34.0862,380,-35.4891,-385,-40.8629
708,128,0,8.88062,-909,33.6838,376,-35.5353,-229,-38.9535
709,129,0,8.89315,-943,33.2425,370,-35.6046,-134,-37.7907
710,131,0,8.90567,-952,33.1256,362,-35.697,-100,-37.3745
711,132,0,8.9182,-940,33.2814,360,-35.7201,-128,-37.7173
712,133,0,8.93073,-915,33.6059,362,-35.697,-186,-38.4272
713,135,0,8.94325,-893,33.8915,373,-35.5699,-245,-39.1493
714,136,0,8.95578,-881,34.0472,386,-35.4198,-316,-40.0184
715,137,0,8.9683,-882,34.0343,401,-35.2466,-376,-40.7528
716,138,0,8.98083,-896,33.8525,421,-35.0156,-464,-41.8299
717,140,0,8.99335,-938,33.3074,438,-34.8193,-557,-42.9682
718,141,0,9.00588,-1008,32.3988,449,-34.6922,-656,-44.1799
719,142,0,9.0184,-1101,31.1916,438,-34.8193,-740,-45.2081
720,143,0,9.03093,-1207,29.8157,434,-34.8655,-796,-45.8935
721,145,0,9.04346,-1289,28.7513,416,-35.0733,-814,-46.1138
722,146,0,9.05598,-1341,28.0763,405,-35.2004,-824,-46.2362
723,147,0,9.06851,-1370,27.6999,389,-35.3852,-825,-46.2485
724,148,0,9.08103,-1380,27.5701,376,-35.5353,-822,-46.2118
725,150,0,9.09356,-1384,27.5182,377,-35.5237,-818,-46.1628
726,151,0,9.10608,-1386,27.4922,368,-35.6277,-818,-46.1628
727,152,0,9.11861,-1387,27.4792,367,-35.6392,-833,-46.3464
728,153,0,9.13113,-1389,27.4533,370,-35.6046,-830,-46.3097
729,155,0,9.14366,-1388,27.4663,378,-35.5122,-831,-46.3219
730,156,0,9.15619,-1395,27.3754,380,-35.4891,-836,-46.3831
731,157,0,9.16871,-1386,27.4922,377,-35.5237,-831,-46.3219
732,158,0,9.18124,-1382,27.5441,384,-35.4429,-823,-46.224
733,160,0,9.19376,-1378,27.5961,383,-35.4544,-819,-46.175
734,161,0,9.20629,-1376,27.622,384,-35.4429,-831,-46.3219
735,162,0,9.21881,-1371,27.6869,388,-35.3967,-829,-46.2974
736,163,0,9.23134,-1368,27.7259,386,-35.4198,-821,-46.1995
737,165,0,9.24387,-1368,27.7259,389,-35.3852,-828,-46.2852
738,166,0,9.25639,-1372,27.6739,391,-35.3621,-823,-46.224
739,167,0,9.26892,-1372,27.6739,389,-35.3852,-824,-46.2362
740,168,0,9.28144,-1374,27.648,392,-35.3505,-826,-46.2607
741,170,0,9.29397,-1373,27.661,389,-35.3852,-832,-46.3342
742,171,0,9.30649,-1374,27.648,392,-35.3505,-824,-46.2362
743,172,0,9.31902,-1371,27.6869,391,-35.3621,-828,-46.2852
744,173,0,9.33154,-1375,27.635,396,-35.3043,-836,-46.3831
745,175,0,9.34407,-1374,27.648,392,-35.3505,-846,-46.5055
746,176,0,9.3566,-1383,27.5312,396,-35.3043,-828,-46.2852
747,177,0,9.36912,-1386,27.4922,393,-35.339,-828,-46.2852
748,178,0,9.38165,-1388,27.4663,396,-35.3043,-829,-46.2974
749,180,0,9.39417,-1391,27.4273,392,-35.3505,-828,-46.2852
750,181,0,9.4067,-1394,27.3884,389,-35.3852,-824,-46.2362
751,182,0,9.41922,-1398,27.3364,394,-35.3274,-831,-46.3219
752,183,0,9.43175,-1388,27.4663,386,-35.4198,-826,-46.2607
753,185,0,9.44427,-1388,27.4663,390,-35.3736,-824,-46.2362
754,186,0,9.4568,-1389,27.4533,392,-35.3505,-826,-46.2607
755,187,0,9.46933,-1386,27.4922,387,-35.4082,-831,-46.3219
756,188,0,9.48185,-1384,27.5182,394,-35.3274,-825,-46.2485
757,190,0,9.49438,-1388,27.4663,393,-35.339,-831,-46.3219
758,191,0,9.5069,-1386,27.4922,392,-35.3505,-820,-46.1873
759,192,0,9.51943,-1389,27.4533,396,-35.3043,-823,-46.224
760,194,0,9.53195,-1387,27.4792,395,-35.3159,-821,-46.1995
761,195,0,9.54448,-1387,27.4792,396,-35.3043,-823,-46.224
762,196,0,9.557,-1384,27.5182,394,-35.3274,-815,-46.1261
763,197,0,9.56953,-1389,27.4533,395,-35.3159,-819,-46.175
764,199,0,9.58206,-1385,27.5052,404,-35.2119,-834,-46.3586
765,200,0,9.59458,-1388,27.4663,402,-35.235,-821,-46.1995
766,201,0,9.60711,-1369,27.7129,399,-35.2697,-830,-46.3097
767,202,0,9.61963,-1325,28.284,402,-35.235,-836,-46.3831
768,204,0,9.63216,-1247,29.2965,402,-35.235,-815,-46.1261
769,205,0,9.64468,-1125,30.8801,408,-35.1657,-766,-45.5263
770,206,0,9.65721,-985,32.6973,406,-35.1888,-647,-44.0698
771,207,0,9.66973,-903,33.7617,408,-35.1657,-456,-41.7319
772,209,0,9.68226,-904,33.7487,394,-35.3274,-307,-39.9082
773,210,0,9.69479,-920,33.541,383,-35.4544,-198,-38.5741
774,211,0,9.70731,-920,33.541,375,-35.5468,-185,-38.4149
775,212,0,9.71984,-907,33.7098,382,-35.466,-219,-38.8311
776,214,0,9.73236,-893,33.8915,388,-35.3967,-290,-39.7001
777,215,0,9.74489,-884,34.0083,393,-35.339,-352,-40.459
778,216,0,9.75741,-889,33.9434,400,-35.2581,-440,-41.5361
779,217,0,9.76994,-913,33.6319,413,-35.108,-535,-42.6989
780,219,0,9.78246,-972,32.866,418,-35.0502,-641,-43.9963
781,220,0,9.79499,-1076,31.5161,427,-34.9463,-732,-45.1102
782,221,0,9.80752,-1214,29.7248,425,-34.9694,-794,-45.869
783,222,0,9.82004,-1337,28.1282,415,-35.0849,-811,-46.0771
784,224,0,9.83257,-1413,27.1417,409,-35.1542,-808,-46.0404
785,225,0,9.84509,-1429,26.9341,407,-35.1773,-811,-46.0771
786,226,0,9.85762,-1426,26.973,401,-35.2466,-810,-46.0649
787,228,0,9.87014,-1418,27.0768,401,-35.2466,-813,-46.1016
788,229,0,9.88267,-1413,27.1417,409,-35.1542,-807,-46.0282
789,230,0,9.89519,-1403,27.2715,414,-35.0964,-820,-46.1873
790,231,0,9.90772,-1400,27.3105,409,-35.1542,-817,-46.1506
791,232,0,9.92025,-1395,27.3754,410,-35.1426,-817,-46.1506
792,234,0,9.93277,-1392,27.4143,409,-35.1542,-819,-46.175
793,235,0,9.9453,-1391,27.4273,413,-35.108,-817,-46.1506
794,236,0,9.95782,-1382,27.5441,414,-35.0964,-816,-46.1383
795,237,0,9.97035,-1385,27.5052,413,-35.108,-816,-46.1383
796,239,0,9.98287,-1379,27.5831,413,-35.108,-826,-46.2607
797,240,0,9.9954,-1377,27.609,406,-35.1888,-825,-46.2485
798,241,0,10.0079,-1379,27.5831,406,-35.1888,-811,-46.0771
799,242,0,10.0204,-1382,27.5441,402,-35.235,-819,-46.175
800,244,0,10.033,-1379,27.5831,408,-35.1657,-823,-46.224
801,245,0,10.0455,-1380,27.5701,408,-35.1657,-825,-46.2485
802,246,0,10.058,-1378,27.5961,410,-35.1426,-816,-46.1383
803,248,0,10.0706,-1370,27.6999,408,-35.1657,-817,-46.1506
804,249,0,10.0831,-1376,27.622,412,-35.1195,-819,-46.175
805,250,0,10.0956,-1377,27.609,404,-35.2119,-813,-46.1016
806,251,0,10.1081,-1376,27.622,406,-35.1888,-821,-46.1995
807,253,0,10.1207,-1377,27.609,406,-35.1888,-824,-46.2362
808,254,0,10.1332,-1371,27.6869,403,-35.2235,-821,-46.1995
809,255,0,10.1457,-1369,27.7129,405,-35.2004,-824,-46.2362
810,0,0,10.1582,-1369,27.7129,407,-35.1773,-827,-46.273
811,2,0,10.1708,-1368,27.7259,407,-35.1773,-829,-46.2974
812,3,0,10.1833,-1369,27.7129,406,-35.1888,-824,-46.2362
813,4,0,10.1958,-1368,27.7259,405,-35.2004,-823,-46.224
814,5,0,10.2083,-1369,27.7129,404,-35.2119,-821,-46.1995
815,7,0,10.2209,-1369,27.7129,400,-35.2581,-820,-46.1873
816,8,0,10.2334,-1366,27.7518,398,-35.2812,-828,-46.2852
817,9,0,10.2459,-1369,27.7129,396,-35.3043,-816,-46.1383
818,10,0,10.2584,-1367,27.7388,401,-35.2466,-828,-46.2852
819,12,0,10.271,-1369,27.7129,401,-35.2466,-828,-46.2852
820,13,0,10.2835,-1369,27.7129,402,-35.235,-824,-46.2362
821,14,0,10.296,-1369,27.7129,402,-35.235,-826,-46.2607
822,15,0,10.3085,-1367,27.7388,403,-35.2235,-818,-46.1628
823,17,0,10.3211,-1371,27.6869,402,-35.235,-839,-46.4198
824,18,0,10.3336,-1366,27.7518,403,-35.2235,-820,-46.1873
825,19,0,10.3461,-1362,27.8037,405,-35.2004,-827,-46.273
826,20,0,10.3586,-1359,27.8427,408,-35.1657,-820,-46.1873
827,22,0,10.3712,-1361,27.8167,403,-35.2235,-819,-46.175
828,23,0,10.3837,-1359,27.8427,397,-35.2928,-822,-46.2118
829,24,0,10.3962,-1361,27.8167,396,-35.3043,-814,-46.1138
830,25,0,10.4087,-1363,27.7908,399,-35.2697,-827,-46.273
831,27,0,10.4213,-1363,27.7908,400,-35.2581,-834,-46.3586
832,28,0,10.4338,-1363,27.7908,398,-35.2812,-828,-46.2852
833,29,0,10.4463,-1362,27.8037,398,-35.2812,-832,-46.3342
834,30,0,10.4588,-1364,27.7778,397,-35.2928,-828,-46.2852
835,32,0,10.4714,-1355,27.8946,394,-35.3274,-834,-46.3586
836,33,0,10.4839,-1357,27.8686,396,-35.3043,-838,-46.4076
837,34,0,10.4964,-1355,27.8946,398,-35.2812,-832,-46.3342
838,35,0,10.5089,-1354,27.9076,398,-35.2812,-833,-46.3464
839,37,0,10.5215,-1352,27.9335,396,-35.3043,-842,-46.4566
840,38,0,10.534,-1350,27.9595,400,-35.2581,-840,-46.4321
841,39,0,10.5465,-1352,27.9335,396,-35.3043,-837,-46.3954
842,40,0,10.559,-1346,28.0114,396,-35.3043,-842,-46.4566
843,42,0,10.5716,-1346,28.0114,399,-35.2697,-823,-46.224
844,43,0,10.5841,-1342,28.0633,398,-35.2812,-829,-46.2974
845,44,0,10.5966,-1335,28.1542,396,-35.3043,-837,-46.3954
846,45,0,10.6092,-1330,28.2191,391,-35.3621,-829,-46.2974
847,47,0,10.6217,-1328,28.2451,394,-35.3274,-833,-46.3464
848,48,0,10.6342,-1328,28.2451,392,-35.3505,-837,-46.3954
849,49,0,10.6467,-1318,28.3749,399,-35.2697,-833,-46.3464
850,51,0,10.6593,-1313,28.4398,398,-35.2812,-830,-46.3097
851,52,0,10.6718,-1308,28.5047,397,-35.2928,-828,-46.2852
852,53,0,10.6843,-1298,28.6345,403,-35.2235,-828,-46.2852
853,54,0,10.6968,-1294,28.6864,407,-35.1773,-829,-46.2974
854,56,0,10.7094,-1286,28.7902,412,-35.1195,-815,-46.1261
855,57,0,10.7219,-1286,28.7902,421,-35.0156,-822,-46.2118
856,58,0,10.7344,-1281,28.8551,422,-35.004,-828,-46.2852
857,59,0,10.7469,-1287,28.7773,429,-34.9232,-817,-46.1506
858,61,0,10.7595,-1300,28.6085,432,-34.8886,-809,-46.0526
859,62,0,10.772,-1308,28.5047,434,-34.8655,-822,-46.2118
860,63,0,10.7845,-1304,28.5566,432,-34.8886,-824,-46.2362
861,64,0,10.797,-1289,28.7513,427,-34.9463,-835,-46.3709
862,66,0,10.8096,-1279,28.8811,414,-35.0964,-823,-46.224
863,67,0,10.8221,-1267,29.0369,402,-35.235,-838,-46.4076
864,68,0,10.8346,-1252,29.2316,395,-35.3159,-840,-46.4321
865,69,0,10.8471,-1244,29.3354,387,-35.4082,-856,-46.6279
866,71,0,10.8597,-1241,29.3744,381,-35.4775,-852,-46.5789
867,72,0,10.8722,-1246,29.3095,376,-35.5353,-855,-46.6157
868,73,0,10.8847,-1255,29.1926,370,-35.6046,-856,-46.6279
869,74,0,10.8972,-1266,29.0498,381,-35.4775,-856,-46.6279
870,76,0,10.9098,-1276,28.92,388,-35.3967,-858,-46.6524
871,77,0,10.9223,-1280,28.8681,406,-35.1888,-846,-46.5055
872,78,0,10.9348,-1285,28.8032,413,-35.108,-834,-46.3586
873,79,0,10.9473,-1285,28.8032,421,-35.0156,-842,-46.4566
874,81,0,10.9599,-1285,28.8032,415,-35.0849,-838,-46.4076
875,82,0,10.9724,-1280,28.8681,411,-35.1311,-842,-46.4566
876,83,0,10.9849,-1274,28.946,406,-35.1888,-848,-46.53
877,84,0,10.9974,-1270,28.9979,406,-35.1888,-852,-46.5789
878,86,0,11.01,-1262,29.1018,400,-35.2581,-859,-46.6646
879,87,0,11.0225,-1262,29.1018,400,-35.2581,-855,-46.6157
880,88,0,11.035,-1260,29.1277,397,-35.2928,-857,-46.6401
881,89,0,11.0475,-1269,29.0109,393,-35.339,-859,-46.6646
882,91,0,11.0601,-1281,28.8551,390,-35.3736,-856,-46.6279
883,92,0,11.0726,-1276,28.92,384,-35.4429,-863,-46.7136
884,93,0,11.0851,-1282,28.8422,378,-35.5122,-859,-46.6646
885,94,0,11.0976,-1284,28.8162,380,-35.4891,-876,-46.8727
886,96,0,11.1102,-1282,28.8422,377,-35.5237,-871,-46.8115
887,97,0,11.1227,-1278,28.8941,373,-35.5699,-870,-46.7993
888,98,0,11.1352,-1281,28.8551,379,-35.5006,-865,-46.7381
889,99,0,11.1478,-1273,28.959,383,-35.4544,-865,-46.7381
890,101,0,11.1603,-1275,28.933,383,-35.4544,-878,-46.8972
891,102,0,11.1728,-1272,28.972,386,-35.4198,-875,-46.8605
892,103,0,11.1853,-1274,28.946,387,-35.4082,-866,-46.7503
893,105,0,11.1979,-1280,28.8681,382,-35.466,-878,-46.8972
894,106,0,11.2104,-1286,28.7902,386,-35.4198,-873,-46.836
895,107,0,11.2229,-1283,28.8292,390,-35.3736,-871,-46.8115
896,108,0,11.2354,-1286,28.7902,391,-35.3621,-877,-46.8849
897,110,0,11.248,-1285,28.8032,391,-35.3621,-883,-46.9584
898,111,0,11.2605,-1283,28.8292,394,-35.3274,-870,-46.7993
899,112,0,11.273,-1283,28.8292,390,-35.3736,-874,-46.8482
900,113,0,11.2855,-1286,28.7902,392,-35.3505,-872,-46.8237
901,115,0,11.2981,-1278,28.8941,392,-35.3505,-872,-46.8237
902,116,0,11.3106,-1283,28.8292,396,-35.3043,-881,-46.9339
903,117,0,11.3231,-1288,28.7643,392,-35.3505,-872,-46.8237
904,118,0,11.3356,-1282,28.8422,395,-35.3159,-879,-46.9094
905,120,0,11.3482,-1279,28.8811,390,-35.3736,-881,-46.9339
906,121,0,11.3607,-1278,28.8941,390,-35.3736,-881,-46.9339
907,122,0,11.3732,-1282,28.8422,394,-35.3274,-876,-46.8727
908,123,0,11.3857,-1273,28.959,388,-35.3967,-875,-46.8605
909,125,0,11.3983,-1273,28.959,386,-35.4198,-867,-46.7625
910,126,0,11.4108,-1271,28.9849,385,-35.4313,-875,-46.8605
911,127,0,11.4233,-1267,29.0369,384,-35.4429,-870,-46.7993
912,128,0,11.4358,-1269,29.0109,380,-35.4891,-879,-46.9094
913,130,0,11.4484,-1267,29.0369,383,-35.4544,-879,-46.9094
914,131,0,11.4609,-1271,28.9849,380,-35.4891,-885,-46.9829
915,132,0,11.4734,-1278,28.8941,382,-35.466,-869,-46.787
916,133,0,11.4859,-1273,28.959,380,-35.4891,-878,-46.8972
917,135,0,11.4985,-1275,28.933,382,-35.466,-877,-46.8849
918,136,0,11.511,-1275,28.933,380,-35.4891,-872,-46.8237
919,137,0,11.5235,-1274,28.946,383,-35.4544,-874,-46.8482
920,138,0,11.536,-1276,28.92,386,-35.4198,-877,-46.8849
921,140,0,11.5486,-1272,28.972,383,-35.4544,-884,-46.9706
922,141,0,11.5611,-1277,28.9071,385,-35.4313,-878,-46.8972
923,142,0,11.5736,-1273,28.959,386,-35.4198,-880,-46.9217
924,143,0,11.5861,-1274,28.946,388,-35.3967,-880,-46.9217
925,145,0,11.5987,-1272,28.972,381,-35.4775,-875,-46.8605
926,146,0,11.6112,-1279,28.8811,385,-35.4313,-878,-46.8972
927,147,0,11.6237,-1277,28.9071,383,-35.4544,-885,-46.9829
928,148,0,11.6362,-1275,28.933,381,-35.4775,-880,-46.9217
929,150,0,11.6488,-1275,28.933,380,-35.4891,-883,-46.9584
930,151,0,11.6613,-1276,28.92,380,-35.4891,-882,-46.9461
931,152,0,11.6738,-1279,28.8811,381,-35.4775,-863,-46.7136
932,153,0,11.6863,-1275,28.933,376,-35.5353,-880,-46.9217
933,155,0,11.6989,-1276,28.92,379,-35.5006,-874,-46.8482
934,156,0,11.7114,-1273,28.959,375,-35.5468,-875,-46.8605
935,157,0,11.7239,-1272,28.972,379,-35.5006,-881,-46.9339
936,159,0,11.7365,-1275,28.933,373,-35.5699,-868,-46.7748
937,160,0,11.749,-1272,28.972,377,-35.5237,-874,-46.8482
938,161,0,11.7615,-1271,28.9849,370,-35.6046,-873,-46.836
939,162,0,11.774,-1271,28.9849,375,-35.5468,-873,-46.836
940,164,0,11.7866,-1274,28.946,375,-35.5468,-883,-46.9584
941,165,0,11.7991,-1268,29.0239,378,-35.5122,-878,-46.8972
942,166,0,11.8116,-1266,29.0498,376,-35.5353,-867,-46.7625
943,167,0,11.8241,-1266,29.0498,374,-35.5584,-873,-46.836
944,169,0,11.8367,-1266,29.0498,374,-35.5584,-878,-46.8972
945,170,0,11.8492,-1264,29.0758,374,-35.5584,-864,-46.7258
946,171,0,11.8617,-1266,29.0498,366,-35.6508,-881,-46.9339
947,172,0,11.8742,-1267,29.0369,366,-35.6508,-875,-46.8605
948,174,0,11.8868,-1265,29.0628,370,-35.6046,-873,-46.836
949,175,0,11.8993,-1269,29.0109,370,-35.6046,-869,-46.787
950,176,0,11.9118,-1268,29.0239,374,-35.5584,-875,-46.8605
951,177,0,11.9243,-1263,29.0888,367,-35.6392,-871,-46.8115
952,179,0,11.9369,-1264,29.0758,368,-35.6277,-880,-46.9217
953,180,0,11.9494,-1259,29.1407,368,-35.6277,-879,-46.9094
954,181,0,11.9619,-1263,29.0888,368,-35.6277,-887,-47.0073
955,182,0,11.9744,-1261,29.1147,367,-35.6392,-893,-47.0808
956,184,0,11.987,-1265,29.0628,366,-35.6508,-894,-47.093
957,185,0,11.9995,-1264,29.0758,366,-35.6508,-880,-46.9217
958,186,0,12.012,-1265,29.0628,364,-35.6739,-884,-46.9706
959,187,0,12.0245,-1262,29.1018,361,-35.7085,-880,-46.9217
960,189,0,12.0371,-1266,29.0498,362,-35.697,-883,-46.9584
961,190,0,12.0496,-1260,29.1277,361,-35.7085,-898,-47.142
962,191,0,12.0621,-1263,29.0888,364,-35.6739,-892,-47.0685
963,192,0,12.0746,-1258,29.1537,359,-35.7316,-894,-47.093
964,194,0,12.0872,-1263,29.0888,360,-35.7201,-889,-47.0318
965,195,0,12.0997,-1258,29.1537,358,-35.7432,-888,-47.0196
966,196,0,12.1122,-1261,29.1147,358,-35.7432,-888,-47.0196
967,197,0,12.1247,-1262,29.1018,355,-35.7778,-887,-47.0073
968,199,0,12.1373,-1259,29.1407,361,-35.7085,-894,-47.093
969,200,0,12.1498,-1253,29.2186,356,-35.7663,-886,-46.9951
970,201,0,12.1623,-1252,29.2316,359,-35.7316,-886,-46.9951
971,202,0,12.1748,-1255,29.1926,357,-35.7547,-893,-47.0808
972,204,0,12.1874,-1257,29.1667,356,-35.7663,-889,-47.0318
973,205,0,12.1999,-1257,29.1667,361,-35.7085,-886,-46.9951
974,206,0,12.2124,-1256,29.1796,355,-35.7778,-894,-47.093
975,207,0,12.2249,-1256,29.1796,357,-35.7547,-894,-47.093
976,209,0,12.2375,-1255,29.1926,359,-35.7316,-884,-46.9706
977,210,0,12.25,-1257,29.1667,356,-35.7663,-878,-46.8972
