index, frame, sample, time, raw[0], cal[0]
0,10,0,0.00999001,0,0
1,10,1,0.01998,0,0
2,11,0,0.02997,0,0
3,11,1,0.03996,0,0
4,13,0,0.04995,0,0
5,14,0,0.0599401,0,0
6,15,0,0.0699301,0,0
7,16,0,0.0799201,0,0
8,17,0,0.0899101,0,0
9,18,0,0.0999001,0,0
10,19,0,0.10989,0,0
11,20,0,0.11988,0,0
12,21,0,0.12987,0,0
13,22,0,0.13986,0,0
14,23,0,0.14985,0,0
15,24,0,0.15984,0,0
16,25,0,0.16983,0,0
17,26,0,0.17982,0,0
18,27,0,0.18981,0,0
19,28,0,0.1998,0,0
20,29,0,0.20979,0,0
21,30,0,0.21978,0,0
22,31,0,0.22977,0,0
23,32,0,0.23976,0,0
24,33,0,0.24975,0,0
25,34,0,0.25974,0,0
26,35,0,0.26973,0,0
27,36,0,0.27972,0,0
28,37,0,0.28971,0,0
29,38,0,0.2997,0,0
30,39,0,0.30969,0,0
31,40,0,0.31968,0,0
32,41,0,0.32967,0,0
33,42,0,0.33966,0,0
34,43,0,0.34965,0,0
35,44,0,0.35964,0,0
36,45,0,0.36963,0,0
37,46,0,0.37962,0,0
38,47,0,0.38961,0,0
39,48,0,0.3996,0,0
40,49,0,0.40959,0,0
41,50,0,0.41958,0,0
42,51,0,0.42957,0,0
43,52,0,0.43956,0,0
44,53,0,0.44955,0,0
45,54,0,0.45954,0,0
46,55,0,0.46953,0,0
47,56,0,0.47952,0,0
48,57,0,0.48951,0,0
49,58,0,0.4995,0,0
50,59,0,0.509491,0,0
51,60,0,0.519481,0,0
52,61,0,0.529471,0,0
53,62,0,0.539461,0,0
54,63,0,0.549451,0,0
55,64,0,0.559441,0,0
56,65,0,0.569431,0,0
57,66,0,0.579421,0,0
58,67,0,0.589411,0,0
59,68,0,0.599401,0,0
60,69,0,0.609391,0,0
61,70,0,0.619381,0,0
62,71,0,0.629371,0,0
63,72,0,0.639361,0,0
64,73,0,0.649351,0,0
65,74,0,0.659341,0,0
66,75,0,0.669331,0,0
67,76,0,0.679321,0,0
68,77,0,0.689311,0,0
69,78,0,0.699301,0,0
70,79,0,0.709291,0,0
71,80,0,0.719281,0,0
72,81,0,0.729271,0,0
73,82,0,0.739261,0,0
74,83,0,0.749251,0,0
75,84,0,0.759241,0,0
76,85,0,0.769231,0,0
77,86,0,0.779221,0,0
78,87,0,0.789211,0,0
79,88,0,0.799201,0,0
80,89,0,0.809191,0,0
81,90,0,0.819181,0,0
82,91,0,0.829171,0,0
83,92,0,0.839161,0,0
84,93,0,0.849151,0,0
85,94,0,0.859141,0,0
86,95,0,0.869131,0,0
87,96,0,0.879121,0,0
88,97,0,0.889111,0,0
89,98,0,0.899101,0,0
90,99,0,0.909091,0,0
91,100,0,0.919081,0,0
92,101,0,0.929071,0,0
93,102,0,0.939061,0,0
94,103,0,0.949051,0,0
95,104,0,0.959041,0,0
96,105,0,0.969031,0,0
97,106,0,0.979021,0,0
98,107,0,0.989011,0,0
99,108,0,0.999001,0,0
100,109,0,1.00899,0,0
101,110,0,1.01898,0,0
102,111,0,1.02897,0,0
103,112,0,1.03896,0,0
104,113,0,1.04895,0,0
105,114,0,1.05894,0,0
106,115,0,1.06893,0,0
107,116,0,1.07892,0,0
108,117,0,1.08891,0,0
109,118,0,1.0989,0,0
110,119,0,1.10889,0,0
111,120,0,1.11888,0,0
112,121,0,1.12887,0,0
113,122,0,1.13886,0,0
114,123,0,1.14885,0,0
115,124,0,1.15884,0,0
116,125,0,1.16883,0,0
117,126,0,1.17882,0,0
118,127,0,1.18881,0,0
119,128,0,1.1988,0,0
120,129,0,1.20879,0,0
121,130,0,1.21878,0,0
122,131,0,1.22877,0,0
123,132,0,1.23876,0,0
124,133,0,1.24875,0,0
125,134,0,1.25874,0,0
126,135,0,1.26873,0,0
127,136,0,1.27872,0,0
128,137,0,1.28871,0,0
129,138,0,1.2987,0,0
130,139,0,1.30869,0,0
131,140,0,1.31868,0,0
132,141,0,1.32867,0,0
133,142,0,1.33866,0,0
134,143,0,1.34865,0,0
135,144,0,1.35864,0,0
136,145,0,1.36863,0,0
137,146,0,1.37862,0,0
138,147,0,1.38861,0,0
139,148,0,1.3986,0,0
140,149,0,1.40859,0,0
141,150,0,1.41858,0,0
142,151,0,1.42857,0,0
143,152,0,1.43856,0,0
144,153,0,1.44855,0,0
145,154,0,1.45854,0,0
146,155,0,1.46853,0,0
147,156,0,1.47852,0,0
148,157,0,1.48851,0,0
149,158,0,1.4985,0,0
150,159,0,1.50849,0,0
151,160,0,1.51848,0,0
152,161,0,1.52847,0,0
153,162,0,1.53846,0,0
154,163,0,1.54845,0,0
155,164,0,1.55844,0,0
156,165,0,1.56843,0,0
157,166,0,1.57842,0,0
158,167,0,1.58841,0,0
159,168,0,1.5984,0,0
160,169,0,1.60839,0,0
161,170,0,1.61838,0,0
162,171,0,1.62837,0,0
163,172,0,1.63836,0,0
164,173,0,1.64835,0,0
165,174,0,1.65834,0,0
166,175,0,1.66833,0,0
167,176,0,1.67832,0,0
168,177,0,1.68831,0,0
169,178,0,1.6983,0,0
170,179,0,1.70829,0,0
171,180,0,1.71828,0,0
172,181,0,1.72827,0,0
173,182,0,1.73826,0,0
174,183,0,1.74825,0,0
175,184,0,1.75824,0,0
176,185,0,1.76823,0,0
177,186,0,1.77822,0,0
178,187,0,1.78821,0,0
179,188,0,1.7982,0,0
180,189,0,1.80819,0,0
181,190,0,1.81818,0,0
182,191,0,1.82817,0,0
183,192,0,1.83816,0,0
184,193,0,1.84815,0,0
185,194,0,1.85814,0,0
186,195,0,1.86813,0,0
187,196,0,1.87812,0,0
188,197,0,1.88811,0,0
189,198,0,1.8981,0,0
190,199,0,1.90809,0,0
191,200,0,1.91808,0,0
192,201,0,1.92807,0,0
193,202,0,1.93806,0,0
194,203,0,1.94805,0,0
195,204,0,1.95804,0,0
196,205,0,1.96803,0,0
197,206,0,1.97802,0,0
198,207,0,1.98801,0,0
199,208,0,1.998,0,0
200,209,0,2.00799,0,0
201,210,0,2.01798,0,0
202,211,0,2.02797,0,0
203,212,0,2.03796,0,0
204,213,0,2.04795,0,0
205,214,0,2.05794,0,0
206,215,0,2.06793,0,0
207,216,0,2.07792,0,0
208,217,0,2.08791,0,0
209,218,0,2.0979,0,0
210,219,0,2.10789,0,0
211,220,0,2.11788,91,0.0733333
212,221,0,2.12787,796,0.641465
213,222,0,2.13786,1371,1.10484
214,223,0,2.14785,1845,1.48681
215,224,0,2.15784,2227,1.79465
216,225,0,2.16783,2551,2.05575
217,226,0,2.17782,2806,2.26125
218,227,0,2.18781,3029,2.44095
219,228,0,2.1978,3211,2.58762
220,229,0,2.20779,3363,2.71011
221,230,0,2.21778,3475,2.80037
222,231,0,2.22777,3579,2.88418
223,232,0,2.23776,3672,2.95912
224,233,0,2.24775,3733,3.00828
225,234,0,2.25774,3783,3.04857
226,235,0,2.26773,3835,3.09048
227,236,0,2.27772,3875,3.12271
228,237,0,2.28771,3920,3.15897
229,238,0,2.2977,3951,3.18396
230,239,0,2.30769,3968,3.19766
231,240,0,2.31768,3971,3.20007
232,241,0,2.32767,3983,3.20974
233,242,0,2.33766,3995,3.21941
234,243,0,2.34765,4007,3.22908
235,244,0,2.35764,4031,3.24843
236,245,0,2.36763,4029,3.24681
237,246,0,2.37762,4046,3.26051
238,247,0,2.38761,4052,3.26535
239,248,0,2.3976,4055,3.26777
240,249,0,2.40759,4057,3.26938
241,250,0,2.41758,4060,3.2718
242,251,0,2.42757,4060,3.2718
243,252,0,2.43756,4071,3.28066
244,253,0,2.44755,4073,3.28227
245,254,0,2.45754,4071,3.28066
246,255,0,2.46753,4075,3.28388
247,0,0,2.47752,4055,3.26777
248,1,0,2.48751,4079,3.28711
249,2,0,2.4975,4075,3.28388
250,3,0,2.50749,4062,3.27341
251,4,0,2.51748,4068,3.27824
252,5,0,2.52747,4073,3.28227
253,6,0,2.53746,4066,3.27663
254,7,0,2.54745,4079,3.28711
255,8,0,2.55744,4067,3.27744
256,9,0,2.56743,4078,3.2863
257,10,0,2.57742,4083,3.29033
258,11,0,2.58741,4063,3.27421
259,12,0,2.5974,4080,3.28791
260,13,0,2.60739,4064,3.27502
261,14,0,2.61738,4063,3.27421
262,15,0,2.62737,4063,3.27421
263,16,0,2.63736,4085,3.29194
264,17,0,2.64735,4073,3.28227
265,18,0,2.65734,4067,3.27744
266,19,0,2.66733,4079,3.28711
267,20,0,2.67732,4077,3.28549
268,21,0,2.68731,4068,3.27824
269,22,0,2.6973,4065,3.27582
270,23,0,2.70729,4069,3.27905
271,24,0,2.71728,4079,3.28711
272,25,0,2.72727,4069,3.27905
273,26,0,2.73726,4069,3.27905
274,27,0,2.74725,4083,3.29033
275,28,0,2.75724,4090,3.29597
276,29,0,2.76723,4069,3.27905
277,30,0,2.77722,4067,3.27744
278,31,0,2.78721,4065,3.27582
279,32,0,2.7972,4070,3.27985
280,33,0,2.80719,4067,3.27744
281,34,0,2.81718,4087,3.29355
282,35,0,2.82717,4088,3.29436
283,36,0,2.83716,4080,3.28791
284,37,0,2.84715,4079,3.28711
285,38,0,2.85714,4073,3.28227
286,39,0,2.86713,4088,3.29436
287,40,0,2.87712,4079,3.28711
288,41,0,2.88711,4075,3.28388
289,42,0,2.8971,4083,3.29033
290,43,0,2.90709,4078,3.2863
291,44,0,2.91708,4075,3.28388
292,45,0,2.92707,4083,3.29033
293,46,0,2.93706,4064,3.27502
294,47,0,2.94705,4087,3.29355
295,48,0,2.95704,4093,3.29839
296,49,0,2.96703,4079,3.28711
297,50,0,2.97702,4078,3.2863
298,51,0,2.98701,4082,3.28952
299,52,0,2.997,4088,3.29436
300,53,0,3.00699,4063,3.27421
301,54,0,3.01698,4088,3.29436
302,55,0,3.02697,4069,3.27905
303,56,0,3.03696,4085,3.29194
304,57,0,3.04695,4087,3.29355
305,58,0,3.05694,4063,3.27421
306,59,0,3.06693,4079,3.28711
307,60,0,3.07692,4079,3.28711
308,61,0,3.08691,4063,3.27421
309,62,0,3.0969,4079,3.28711
310,63,0,3.10689,4082,3.28952
311,64,0,3.11688,4064,3.27502
312,65,0,3.12687,4069,3.27905
313,66,0,3.13686,4083,3.29033
314,67,0,3.14685,4080,3.28791
315,68,0,3.15684,4074,3.28308
316,69,0,3.16683,4080,3.28791
317,70,0,3.17682,4067,3.27744
318,71,0,3.18681,4078,3.2863
319,72,0,3.1968,4077,3.28549
320,73,0,3.20679,4077,3.28549
321,74,0,3.21678,4077,3.28549
322,75,0,3.22677,4079,3.28711
323,76,0,3.23676,4073,3.28227
324,77,0,3.24675,4075,3.28388
325,78,0,3.25674,4075,3.28388
326,79,0,3.26673,4078,3.2863
327,80,0,3.27672,4071,3.28066
328,81,0,3.28671,4075,3.28388
329,82,0,3.2967,4080,3.28791
330,83,0,3.30669,4087,3.29355
331,84,0,3.31668,4085,3.29194
332,85,0,3.32667,4067,3.27744
333,86,0,3.33666,4069,3.27905
334,87,0,3.34665,4087,3.29355
335,88,0,3.35664,4070,3.27985
336,89,0,3.36663,4067,3.27744
337,90,0,3.37662,4063,3.27421
338,91,0,3.38661,4064,3.27502
339,92,0,3.3966,4088,3.29436
340,93,0,3.40659,4071,3.28066
341,94,0,3.41658,4063,3.27421
342,95,0,3.42657,4067,3.27744
343,96,0,3.43656,4067,3.27744
344,97,0,3.44655,4063,3.27421
345,98,0,3.45654,4071,3.28066
346,99,0,3.46653,4079,3.28711
347,100,0,3.47652,4079,3.28711
348,101,0,3.48651,4083,3.29033
349,102,0,3.4965,4085,3.29194
350,103,0,3.50649,4080,3.28791
351,104,0,3.51648,4087,3.29355
352,105,0,3.52647,4089,3.29516
353,106,0,3.53646,4075,3.28388
354,107,0,3.54645,4083,3.29033
355,108,0,3.55644,4087,3.29355
356,109,0,3.56643,4071,3.28066
357,110,0,3.57642,4079,3.28711
358,111,0,3.58641,4085,3.29194
359,112,0,3.5964,4083,3.29033
360,113,0,3.60639,4087,3.29355
361,114,0,3.61638,4086,3.29275
362,115,0,3.62637,4079,3.28711
363,116,0,3.63636,4087,3.29355
364,117,0,3.64635,4080,3.28791
365,118,0,3.65634,4073,3.28227
366,119,0,3.66633,4067,3.27744
367,120,0,3.67632,4063,3.27421
368,121,0,3.68631,4067,3.27744
369,122,0,3.6963,4063,3.27421
370,123,0,3.70629,4069,3.27905
371,124,0,3.71628,4082,3.28952
372,125,0,3.72627,4079,3.28711
373,126,0,3.73626,4087,3.29355
374,127,0,3.74625,4079,3.28711
375,128,0,3.75624,4073,3.28227
376,129,0,3.76623,4089,3.29516
377,130,0,3.77622,4071,3.28066
378,131,0,3.78621,4088,3.29436
379,132,0,3.7962,4067,3.27744
380,133,0,3.80619,4080,3.28791
381,134,0,3.81618,4075,3.28388
382,135,0,3.82617,4067,3.27744
383,136,0,3.83616,4079,3.28711
384,137,0,3.84615,4070,3.27985
385,138,0,3.85614,4077,3.28549
386,139,0,3.86613,4080,3.28791
387,140,0,3.87612,4063,3.27421
388,141,0,3.88611,4069,3.27905
389,142,0,3.8961,4083,3.29033
390,143,0,3.90609,4083,3.29033
391,144,0,3.91608,4088,3.29436
392,145,0,3.92607,4069,3.27905
393,146,0,3.93606,4074,3.28308
394,147,0,3.94605,4075,3.28388
395,148,0,3.95604,4067,3.27744
396,149,0,3.96603,4073,3.28227
397,150,0,3.97602,4086,3.29275
398,151,0,3.98601,4071,3.28066
399,152,0,3.996,4077,3.28549
400,153,0,4.00599,4085,3.29194
401,154,0,4.01598,4073,3.28227
402,155,0,4.02597,4071,3.28066
403,156,0,4.03596,4071,3.28066
404,157,0,4.04595,4071,3.28066
405,158,0,4.05594,4073,3.28227
406,159,0,4.06593,4071,3.28066
407,160,0,4.07592,4078,3.2863
408,161,0,4.08591,4064,3.27502
409,162,0,4.0959,4086,3.29275
410,163,0,4.10589,4067,3.27744
411,164,0,4.11588,4086,3.29275
412,165,0,4.12587,4067,3.27744
413,166,0,4.13586,4080,3.28791
414,167,0,4.14585,4083,3.29033
415,168,0,4.15584,4063,3.27421
416,169,0,4.16583,4085,3.29194
417,170,0,4.17582,4083,3.29033
418,171,0,4.18581,4069,3.27905
419,172,0,4.1958,4083,3.29033
420,173,0,4.20579,4085,3.29194
421,174,0,4.21578,4069,3.27905
422,175,0,4.22577,4071,3.28066
423,176,0,4.23576,4080,3.28791
424,177,0,4.24575,4073,3.28227
425,178,0,4.25574,4080,3.28791
426,179,0,4.26573,4087,3.29355
427,180,0,4.27572,4071,3.28066
428,181,0,4.28571,4075,3.28388
429,182,0,4.2957,4077,3.28549
430,183,0,4.30569,4069,3.27905
431,184,0,4.31568,4077,3.28549
432,185,0,4.32567,4079,3.28711
433,186,0,4.33566,4085,3.29194
434,187,0,4.34565,4085,3.29194
435,188,0,4.35564,4077,3.28549
436,189,0,4.36563,4073,3.28227
437,190,0,4.37562,4083,3.29033
438,191,0,4.38561,4066,3.27663
439,192,0,4.3956,4079,3.28711
440,193,0,4.40559,4087,3.29355
441,194,0,4.41558,4079,3.28711
442,195,0,4.42557,4087,3.29355
443,196,0,4.43556,4087,3.29355
444,197,0,4.44555,4085,3.29194
445,198,0,4.45554,4079,3.28711
446,199,0,4.46553,4083,3.29033
447,200,0,4.47552,4083,3.29033
448,201,0,4.48551,4083,3.29033
449,202,0,4.4955,4075,3.28388
450,203,0,4.50549,4079,3.28711
451,204,0,4.51548,4067,3.27744
452,205,0,4.52547,4090,3.29597
453,206,0,4.53546,4069,3.27905
454,207,0,4.54545,4067,3.27744
455,208,0,4.55544,4079,3.28711
456,209,0,4.56543,4069,3.27905
457,210,0,4.57542,4075,3.28388
458,211,0,4.58541,4088,3.29436
459,212,0,4.5954,4080,3.28791
460,213,0,4.60539,4083,3.29033
461,214,0,4.61538,4079,3.28711
462,215,0,4.62537,4074,3.28308
463,216,0,4.63536,4085,3.29194
464,217,0,4.64535,4080,3.28791
465,218,0,4.65534,4073,3.28227
466,219,0,4.66533,4080,3.28791
467,220,0,4.67532,4083,3.29033
468,221,0,4.68531,4071,3.28066
469,222,0,4.6953,4087,3.29355
470,223,0,4.70529,4077,3.28549
471,224,0,4.71528,4075,3.28388
472,225,0,4.72527,4087,3.29355
473,226,0,4.73526,4067,3.27744
474,227,0,4.74525,4081,3.28872
475,228,0,4.75524,4069,3.27905
476,229,0,4.76523,4067,3.27744
477,230,0,4.77522,4079,3.28711
478,231,0,4.78521,4079,3.28711
479,232,0,4.7952,4075,3.28388
480,233,0,4.80519,4079,3.28711
481,234,0,4.81518,4085,3.29194
482,235,0,4.82517,4083,3.29033
483,236,0,4.83516,4087,3.29355
484,237,0,4.84515,4087,3.29355
485,238,0,4.85514,4083,3.29033
486,239,0,4.86513,4087,3.29355
487,240,0,4.87512,4088,3.29436
488,241,0,4.88511,4080,3.28791
489,242,0,4.8951,4070,3.27985
490,243,0,4.90509,4079,3.28711
491,244,0,4.91508,4074,3.28308
492,245,0,4.92507,4086,3.29275
493,246,0,4.93506,4085,3.29194
494,247,0,4.94505,4083,3.29033
495,248,0,4.95504,4069,3.27905
496,249,0,4.96503,4080,3.28791
497,250,0,4.97502,4079,3.28711
498,251,0,4.98501,4079,3.28711
499,252,0,4.995,4080,3.28791
500,253,0,5.005,4079,3.28711
501,254,0,5.01499,4083,3.29033
502,255,0,5.02498,4079,3.28711
503,0,0,5.03497,4079,3.28711
504,1,0,5.04496,4082,3.28952
505,2,0,5.05495,4085,3.29194
506,3,0,5.06494,4077,3.28549
507,4,0,5.07493,4082,3.28952
508,5,0,5.08492,4075,3.28388
509,6,0,5.09491,4085,3.29194
510,7,0,5.1049,4079,3.28711
511,8,0,5.11489,4087,3.29355
512,9,0,5.12488,4078,3.2863
513,10,0,5.13487,4067,3.27744
514,11,0,5.14486,4080,3.28791
515,12,0,5.15485,4078,3.2863
516,13,0,5.16484,4089,3.29516
517,14,0,5.17483,4077,3.28549
518,15,0,5.18482,4075,3.28388
519,16,0,5.19481,4071,3.28066
520,17,0,5.2048,4073,3.28227
521,18,0,5.21479,4083,3.29033
522,19,0,5.22478,4071,3.28066
523,20,0,5.23477,4071,3.28066
524,21,0,5.24476,4077,3.28549
525,22,0,5.25475,4090,3.29597
526,23,0,5.26474,4075,3.28388
527,24,0,5.27473,4080,3.28791
528,25,0,5.28472,4071,3.28066
529,26,0,5.29471,4080,3.28791
530,27,0,5.3047,4081,3.28872
531,28,0,5.31469,4077,3.28549
532,29,0,5.32468,4074,3.28308
533,30,0,5.33467,4079,3.28711
534,31,0,5.34466,4082,3.28952
535,32,0,5.35465,4079,3.28711
536,33,0,5.36464,4085,3.29194
537,34,0,5.37463,4083,3.29033
538,35,0,5.38462,4085,3.29194
539,36,0,5.39461,4085,3.29194
540,37,0,5.4046,4087,3.29355
541,38,0,5.41459,4079,3.28711
542,39,0,5.42458,4077,3.28549
543,40,0,5.43457,4087,3.29355
544,41,0,5.44456,4070,3.27985
545,42,0,5.45455,4077,3.28549
546,43,0,5.46454,4085,3.29194
547,44,0,5.47453,4083,3.29033
548,45,0,5.48452,4071,3.28066
549,46,0,5.49451,4071,3.28066
550,47,0,5.5045,4071,3.28066
551,48,0,5.51449,4074,3.28308
552,49,0,5.52448,4071,3.28066
553,50,0,5.53447,4071,3.28066
554,51,0,5.54446,4067,3.27744
555,52,0,5.55445,4075,3.28388
556,53,0,5.56444,4079,3.28711
557,54,0,5.57443,4073,3.28227
558,55,0,5.58442,4077,3.28549
559,56,0,5.59441,4079,3.28711
560,57,0,5.6044,4080,3.28791
561,58,0,5.61439,4086,3.29275
562,59,0,5.62438,4071,3.28066
563,60,0,5.63437,4079,3.28711
564,61,0,5.64436,4079,3.28711
565,62,0,5.65435,4087,3.29355
566,63,0,5.66434,4085,3.29194
567,64,0,5.67433,4079,3.28711
568,65,0,5.68432,4083,3.29033
569,66,0,5.69431,4071,3.28066
570,67,0,5.7043,4071,3.28066
571,68,0,5.71429,4087,3.29355
572,69,0,5.72428,4087,3.29355
573,70,0,5.73427,4088,3.29436
574,71,0,5.74426,4071,3.28066
575,72,0,5.75425,4088,3.29436
576,73,0,5.76424,4086,3.29275
577,74,0,5.77423,4087,3.29355
578,75,0,5.78422,4079,3.28711
579,76,0,5.79421,4075,3.28388
580,77,0,5.8042,4079,3.28711
581,78,0,5.81419,4085,3.29194
582,79,0,5.82418,4075,3.28388
583,80,0,5.83417,4085,3.29194
584,81,0,5.84416,4083,3.29033
585,82,0,5.85415,4081,3.28872
586,83,0,5.86414,4085,3.29194
587,84,0,5.87413,4086,3.29275
588,85,0,5.88412,4083,3.29033
589,86,0,5.89411,4077,3.28549
590,87,0,5.9041,4078,3.2863
591,88,0,5.91409,4088,3.29436
592,89,0,5.92408,4085,3.29194
593,90,0,5.93407,4075,3.28388
594,91,0,5.94406,4088,3.29436
595,92,0,5.95405,4078,3.2863
596,93,0,5.96404,4070,3.27985
597,94,0,5.97403,4083,3.29033
598,95,0,5.98402,4083,3.29033
599,96,0,5.99401,4083,3.29033
600,97,0,6.004,4079,3.28711
601,98,0,6.01399,4079,3.28711
602,99,0,6.02398,4071,3.28066
603,100,0,6.03397,4071,3.28066
604,101,0,6.04396,4071,3.28066
605,102,0,6.05395,4083,3.29033
606,103,0,6.06394,4086,3.29275
607,104,0,6.07393,4079,3.28711
608,105,0,6.08392,4077,3.28549
609,106,0,6.09391,4082,3.28952
610,107,0,6.1039,4073,3.28227
611,108,0,6.11389,4075,3.28388
612,109,0,6.12388,4087,3.29355
613,110,0,6.13387,4087,3.29355
614,111,0,6.14386,4087,3.29355
615,112,0,6.15385,4083,3.29033
616,113,0,6.16384,4091,3.29678
617,114,0,6.17383,4075,3.28388
618,115,0,6.18382,4077,3.28549
619,116,0,6.19381,4087,3.29355
620,117,0,6.2038,4079,3.28711
621,118,0,6.21379,4083,3.29033
622,119,0,6.22378,4085,3.29194
623,120,0,6.23377,4071,3.28066
624,121,0,6.24376,4089,3.29516
625,122,0,6.25375,4087,3.29355
626,123,0,6.26374,4075,3.28388
627,124,0,6.27373,4083,3.29033
628,125,0,6.28372,4077,3.28549
629,126,0,6.29371,4083,3.29033
630,127,0,6.3037,4073,3.28227
631,128,0,6.31369,4073,3.28227
632,129,0,6.32368,4087,3.29355
633,130,0,6.33367,4087,3.29355
634,131,0,6.34366,4083,3.29033
635,132,0,6.35365,4079,3.28711
636,133,0,6.36364,4083,3.29033
637,134,0,6.37363,4078,3.2863
638,135,0,6.38362,4079,3.28711
639,136,0,6.39361,4079,3.28711
640,137,0,6.4036,4079,3.28711
641,138,0,6.41359,4079,3.28711
642,139,0,6.42358,4083,3.29033
643,140,0,6.43357,4082,3.28952
644,141,0,6.44356,4071,3.28066
645,142,0,6.45355,4087,3.29355
646,143,0,6.46354,4085,3.29194
647,144,0,6.47353,4078,3.2863
648,145,0,6.48352,4069,3.27905
649,146,0,6.49351,4069,3.27905
650,147,0,6.5035,4083,3.29033
651,148,0,6.51349,3962,3.19282
652,149,0,6.52348,3279,2.64242
653,150,0,6.53347,2715,2.18791
654,151,0,6.54346,2245,1.80916
655,152,0,6.55345,1866,1.50374
656,153,0,6.56344,1551,1.24989
657,154,0,6.57343,1286,1.03634
658,155,0,6.58342,1067,0.859854
659,156,0,6.59341,888,0.715604
660,157,0,6.6034,741,0.597143
661,158,0,6.61339,618,0.498022
662,159,0,6.62338,516,0.415824
663,160,0,6.63337,431,0.347326
664,161,0,6.64336,360,0.29011
665,162,0,6.65335,302,0.24337
666,163,0,6.66334,253,0.203883
667,164,0,6.67333,212,0.170842
668,165,0,6.68332,179,0.144249
669,166,0,6.69331,151,0.121685
670,167,0,6.7033,127,0.102344
671,168,0,6.71329,108,0.087033
672,169,0,6.72328,91,0.0733333
673,170,0,6.73327,77,0.0620513
674,171,0,6.74326,66,0.0531868
675,172,0,6.75325,56,0.0451282
676,173,0,6.76324,48,0.0386813
677,174,0,6.77323,41,0.0330403
678,175,0,6.78322,36,0.029011
679,176,0,6.79321,31,0.0249817
680,177,0,6.8032,27,0.0217582
681,178,0,6.81319,24,0.0193407
682,179,0,6.82318,21,0.0169231
683,180,0,6.83317,18,0.0145055
684,181,0,6.84316,16,0.0128938
685,182,0,6.85315,14,0.0112821
686,183,0,6.86314,13,0.0104762
687,184,0,6.87313,11,0.00886447
688,185,0,6.88312,10,0.00805861
689,186,0,6.89311,9,0.00725275
690,187,0,6.9031,9,0.00725275
691,188,0,6.91309,8,0.00644689
692,189,0,6.92308,7,0.00564103
693,190,0,6.93307,7,0.00564103
694,191,0,6.94306,6,0.00483517
695,192,0,6.95305,6,0.00483517
696,193,0,6.96304,6,0.00483517
697,194,0,6.97303,5,0.0040293
698,195,0,6.98302,5,0.0040293
699,196,0,6.99301,5,0.0040293
700,197,0,7.003,4,0.00322344
701,198,0,7.01299,4,0.00322344
702,199,0,7.02298,4,0.00322344
703,200,0,7.03297,4,0.00322344
704,201,0,7.04296,4,0.00322344
705,202,0,7.05295,4,0.00322344
706,203,0,7.06294,4,0.00322344
707,204,0,7.07293,3,0.00241758
708,205,0,7.08292,3,0.00241758
709,206,0,7.09291,3,0.00241758
710,207,0,7.1029,3,0.00241758
711,208,0,7.11289,3,0.00241758
712,209,0,7.12288,3,0.00241758
713,210,0,7.13287,3,0.00241758
714,211,0,7.14286,3,0.00241758
715,212,0,7.15285,2,0.00161172
716,213,0,7.16284,3,0.00241758
717,214,0,7.17283,2,0.00161172
718,215,0,7.18282,2,0.00161172
719,216,0,7.19281,2,0.00161172
720,217,0,7.2028,2,0.00161172
721,218,0,7.21279,2,0.00161172
722,219,0,7.22278,2,0.00161172
723,220,0,7.23277,2,0.00161172
724,221,0,7.24276,2,0.00161172
725,222,0,7.25275,2,0.00161172
726,223,0,7.26274,2,0.00161172
727,224,0,7.27273,2,0.00161172
728,225,0,7.28272,2,0.00161172
729,226,0,7.29271,2,0.00161172
730,227,0,7.3027,2,0.00161172
731,228,0,7.31269,2,0.00161172
732,229,0,7.32268,2,0.00161172
733,230,0,7.33267,2,0.00161172
734,231,0,7.34266,2,0.00161172
735,232,0,7.35265,2,0.00161172
736,233,0,7.36264,2,0.00161172
737,234,0,7.37263,1,0.000805861
738,235,0,7.38262,2,0.00161172
739,236,0,7.39261,2,0.00161172
740,237,0,7.4026,2,0.00161172
741,238,0,7.41259,2,0.00161172
742,239,0,7.42258,2,0.00161172
743,240,0,7.43257,2,0.00161172
744,241,0,7.44256,2,0.00161172
745,242,0,7.45255,1,0.000805861
746,243,0,7.46254,1,0.000805861
747,244,0,7.47253,1,0.000805861
748,245,0,7.48252,2,0.00161172
749,246,0,7.49251,1,0.000805861
750,247,0,7.5025,1,0.000805861
751,248,0,7.51249,1,0.000805861
752,249,0,7.52248,1,0.000805861
753,250,0,7.53247,1,0.000805861
754,251,0,7.54246,1,0.000805861
755,252,0,7.55245,1,0.000805861
756,253,0,7.56244,1,0.000805861
757,254,0,7.57243,1,0.000805861
758,255,0,7.58242,1,0.000805861
759,0,0,7.59241,1,0.000805861
760,1,0,7.6024,1,0.000805861
761,2,0,7.61239,1,0.000805861
762,3,0,7.62238,1,0.000805861
763,4,0,7.63237,1,0.000805861
764,5,0,7.64236,1,0.000805861
765,6,0,7.65235,1,0.000805861
766,7,0,7.66234,1,0.000805861
767,8,0,7.67233,1,0.000805861
768,9,0,7.68232,1,0.000805861
769,10,0,7.69231,1,0.000805861
770,11,0,7.7023,1,0.000805861
771,12,0,7.71229,1,0.000805861
772,13,0,7.72228,1,0.000805861
773,14,0,7.73227,1,0.000805861
774,15,0,7.74226,1,0.000805861
775,16,0,7.75225,1,0.000805861
776,17,0,7.76224,1,0.000805861
777,18,0,7.77223,1,0.000805861
778,19,0,7.78222,1,0.000805861
779,20,0,7.79221,1,0.000805861
780,21,0,7.8022,1,0.000805861
781,22,0,7.81219,1,0.000805861
782,23,0,7.82218,1,0.000805861
783,24,0,7.83217,1,0.000805861
784,25,0,7.84216,1,0.000805861
785,26,0,7.85215,1,0.000805861
786,27,0,7.86214,1,0.000805861
787,28,0,7.87213,1,0.000805861
788,29,0,7.88212,1,0.000805861
789,30,0,7.89211,1,0.000805861
790,31,0,7.9021,1,0.000805861
791,32,0,7.91209,1,0.000805861
792,33,0,7.92208,1,0.000805861
793,34,0,7.93207,1,0.000805861
794,35,0,7.94206,1,0.000805861
795,36,0,7.95205,1,0.000805861
796,37,0,7.96204,1,0.000805861
797,38,0,7.97203,1,0.000805861
798,39,0,7.98202,1,0.000805861
799,40,0,7.99201,1,0.000805861
800,41,0,8.002,1,0.000805861
801,42,0,8.01199,1,0.000805861
802,43,0,8.02198,1,0.000805861
803,44,0,8.03197,1,0.000805861
804,45,0,8.04196,1,0.000805861
805,46,0,8.05195,0,0
806,47,0,8.06194,0,0
807,48,0,8.07193,1,0.000805861
808,49,0,8.08192,1,0.000805861
809,50,0,8.09191,1,0.000805861
810,51,0,8.1019,1,0.000805861
811,52,0,8.11189,1,0.000805861
812,53,0,8.12188,1,0.000805861
813,54,0,8.13187,1,0.000805861
814,55,0,8.14186,0,0
815,56,0,8.15185,1,0.000805861
816,57,0,8.16184,1,0.000805861
817,58,0,8.17183,1,0.000805861
818,59,0,8.18182,1,0.000805861
819,60,0,8.19181,1,0.000805861
820,61,0,8.2018,0,0
821,62,0,8.21179,1,0.000805861
822,63,0,8.22178,1,0.000805861
823,64,0,8.23177,1,0.000805861
824,65,0,8.24176,0,0
825,66,0,8.25175,1,0.000805861
826,67,0,8.26174,1,0.000805861
827,68,0,8.27173,0,0
828,69,0,8.28172,1,0.000805861
829,70,0,8.29171,0,0
830,71,0,8.3017,1,0.000805861
831,72,0,8.31169,0,0
832,73,0,8.32168,1,0.000805861
833,74,0,8.33167,1,0.000805861
834,75,0,8.34166,0,0
835,76,0,8.35165,0,0
836,77,0,8.36164,0,0
837,78,0,8.37163,1,0.000805861
838,79,0,8.38162,0,0
839,80,0,8.39161,1,0.000805861
840,81,0,8.4016,1,0.000805861
841,82,0,8.41159,1,0.000805861
842,83,0,8.42158,0,0
843,84,0,8.43157,1,0.000805861
844,85,0,8.44156,1,0.000805861
845,86,0,8.45155,0,0
846,87,0,8.46154,0,0
847,88,0,8.47153,0,0
848,89,0,8.48152,0,0
849,90,0,8.49151,0,0
850,91,0,8.5015,0,0
851,92,0,8.51149,0,0
852,93,0,8.52148,0,0
853,94,0,8.53147,0,0
854,95,0,8.54146,1,0.000805861
855,96,0,8.55145,1,0.000805861
856,97,0,8.56144,0,0
857,98,0,8.57143,0,0
858,99,0,8.58142,1,0.000805861
859,100,0,8.59141,0,0
860,101,0,8.6014,0,0
861,102,0,8.61139,0,0
862,103,0,8.62138,1,0.000805861
863,104,0,8.63137,0,0
864,105,0,8.64136,1,0.000805861
865,106,0,8.65135,0,0
866,107,0,8.66134,1,0.000805861
867,108,0,8.67133,0,0
868,109,0,8.68132,0,0
869,110,0,8.69131,1,0.000805861
870,111,0,8.7013,0,0
871,112,0,8.71129,1,0.000805861
872,113,0,8.72128,0,0
873,114,0,8.73127,1,0.000805861
874,115,0,8.74126,1,0.000805861
875,116,0,8.75125,0,0
876,117,0,8.76124,0,0
877,118,0,8.77123,0,0
878,119,0,8.78122,0,0
879,120,0,8.79121,0,0
880,121,0,8.8012,0,0
881,122,0,8.81119,0,0
882,123,0,8.82118,0,0
883,124,0,8.83117,0,0
884,125,0,8.84116,0,0
885,126,0,8.85115,0,0
886,127,0,8.86114,0,0
887,128,0,8.87113,0,0
888,129,0,8.88112,0,0
889,130,0,8.89111,0,0
890,131,0,8.9011,0,0
891,132,0,8.91109,0,0
892,133,0,8.92108,0,0
893,134,0,8.93107,0,0
894,135,0,8.94106,0,0
895,136,0,8.95105,0,0
896,137,0,8.96104,0,0
897,138,0,8.97103,0,0
898,139,0,8.98102,0,0
899,140,0,8.99101,0,0
900,141,0,9.001,0,0
901,142,0,9.01099,0,0
902,143,0,9.02098,0,0
903,144,0,9.03097,0,0
904,145,0,9.04096,0,0
905,146,0,9.05095,0,0
906,147,0,9.06094,0,0
907,148,0,9.07093,0,0
908,149,0,9.08092,0,0
909,150,0,9.09091,0,0
910,151,0,9.1009,0,0
911,152,0,9.11089,0,0
912,153,0,9.12088,0,0
913,154,0,9.13087,0,0
914,155,0,9.14086,0,0
915,156,0,9.15085,0,0
916,157,0,9.16084,0,0
917,158,0,9.17083,0,0
918,159,0,9.18082,0,0
919,160,0,9.19081,0,0
920,161,0,9.2008,0,0
921,162,0,9.21079,0,0
922,163,0,9.22078,0,0
923,164,0,9.23077,0,0
924,165,0,9.24076,0,0
925,166,0,9.25075,0,0
926,167,0,9.26074,0,0
927,168,0,9.27073,0,0
928,169,0,9.28072,0,0
929,170,0,9.29071,0,0
930,171,0,9.3007,0,0
931,172,0,9.31069,0,0
932,173,0,9.32068,0,0
933,174,0,9.33067,1,0.000805861
934,175,0,9.34066,0,0
935,176,0,9.35065,0,0
936,177,0,9.36064,0,0
937,178,0,9.37063,0,0
938,179,0,9.38062,0,0
939,180,0,9.39061,0,0
940,181,0,9.4006,0,0
941,182,0,9.41059,0,0
942,183,0,9.42058,0,0
943,184,0,9.43057,0,0
944,185,0,9.44056,0,0
945,186,0,9.45055,0,0
946,187,0,9.46054,0,0
947,188,0,9.47053,0,0
948,189,0,9.48052,0,0
949,190,0,9.49051,0,0
950,191,0,9.5005,0,0
951,192,0,9.51049,0,0
952,193,0,9.52048,0,0
953,194,0,9.53047,0,0
954,195,0,9.54046,0,0
955,196,0,9.55045,0,0
956,197,0,9.56044,0,0
957,198,0,9.57043,0,0
958,199,0,9.58042,0,0
959,200,0,9.59041,0,0
960,201,0,9.6004,0,0
961,202,0,9.61039,0,0
962,203,0,9.62038,0,0
963,204,0,9.63037,0,0
964,205,0,9.64036,0,0
965,206,0,9.65035,0,0
966,207,0,9.66034,0,0
967,208,0,9.67033,0,0
968,209,0,9.68032,0,0
969,210,0,9.69031,0,0
970,211,0,9.7003,0,0
971,212,0,9.71029,0,0
972,213,0,9.72028,0,0
973,214,0,9.73027,0,0
974,215,0,9.74026,0,0
975,216,0,9.75025,0,0
976,217,0,9.76024,0,0
977,218,0,9.77023,0,0
978,219,0,9.78022,0,0
979,220,0,9.79021,0,0
980,221,0,9.8002,0,0
981,222,0,9.81019,0,0
982,223,0,9.82018,0,0
983,224,0,9.83017,0,0
984,225,0,9.84016,0,0
985,226,0,9.85015,0,0
986,227,0,9.86014,0,0
987,228,0,9.87013,0,0
988,229,0,9.88012,0,0
989,230,0,9.89011,0,0
990,231,0,9.9001,0,0
991,232,0,9.91009,0,0
992,233,0,9.92008,0,0
993,234,0,9.93007,0,0
994,235,0,9.94006,0,0
995,236,0,9.95005,0,0
996,237,0,9.96004,0,0
997,238,0,9.97003,0,0
998,239,0,9.98002,0,0
999,240,0,9.99001,0,0
1000,241,0,10,0,0
